year,CA,Alameda,Amador,Butte,Calaveras,Contra-Costa,Del Norte,El Dorado,Fresno,Glenn,Humboldt,Imperial,Kern,Kings,Lake,Lassen,Los Angeles,Madera,Marin,Mariposa,Mendocino,Merced,Mono,Monterey,Napa,Nevada,Orange,Placer,Plumas,Riverside,Sacramento,San Benito,San Bernardino,San Diego,San Francisco,San Joaquin,San Luis Obispo,San Mateo,Santa Barbara,Santa Clara,Santa Cruz,Shasta,Siskiyou,Solano,Sonoma,Stanislaus,Sutter,Tehama,Trinity,Tulare,Tuolumne,Ventura,Yolo,Yuba,,Condo,LA Metro,Central Coast,Central Valley,Far North,Inland Empire,S.F. Bay Area,SoCal
2015,"$428,980 ","$610,130 ","$210,710 ","$231,730 ","$228,120 ","$442,440 ","$160,000 ","$375,000 ","$211,470 ","$162,500 ","$263,890 ",NA,"$195,000 ","$172,500 ","$163,330 ",NA,"$441,610 ","$245,000 ","$957,000 ","$268,750 ","$257,500 ","$168,750 ","$583,333 ","$420,000 ","$495,000 ","$339,290 ","$674,340 ","$375,980 ","$275,000 ","$306,060 ","$256,670 ","$435,000 ","$206,660 ","$496,380 ","$986,610 ","$263,360 ","$478,720 ","$1,012,500 ","$690,220 ","$815,000 ","$665,000 ","$216,130 ","$195,000 ","$315,000 ","$474,500 ","$230,790 ","$227,080 ","$164,290 ",NA,"$173,330 ","$236,360 ","$582,630 ","$307,500 ","$204,170 ",,"$351,790 ","$395,200 ","$520,000 ","$240,928 ",NA,"$267,070 ","$610,180 ","$420,000 "
2015,"$429,930 ","$651,950 ","$271,430 ","$247,320 ","$230,000 ","$476,340 ","$200,000 ","$384,880 ","$210,320 ","$220,000 ","$250,000 ",NA,"$217,500 ","$196,000 ","$184,290 ",NA,"$419,260 ","$217,500 ","$1,000,000 ","$250,000 ","$309,000 ","$168,750 ","$937,499 ","$500,000 ","$480,000 ","$320,000 ","$680,290 ","$375,380 ","$180,000 ","$323,220 ","$283,960 ","$450,000 ","$213,930 ","$499,000 ","$1,154,760 ","$270,750 ","$491,670 ","$1,200,000 ","$556,820 ","$915,130 ","$675,000 ","$225,860 ","$148,330 ","$330,000 ","$488,250 ","$237,680 ","$213,330 ","$150,000 ",NA,"$172,140 ","$195,000 ","$568,840 ","$372,860 ","$215,220 ",,"$367,480 ","$409,810 ","$550,000 ","$254,811 ",NA,"$282,400 ","$669,800 ","$435,000 "
2015,"$464,640 ","$713,060 ","$250,000 ","$233,930 ","$258,330 ","$491,780 ","$140,000 ","$393,400 ","$213,960 ","$190,000 ","$253,120 ",NA,"$208,550 ","$190,000 ","$225,000 ",NA,"$419,370 ","$198,750 ","$1,142,500 ","$275,000 ","$290,000 ","$190,000 ","$562,500 ","$510,000 ","$554,750 ","$330,360 ","$696,060 ","$383,330 ","$241,670 ","$331,710 ","$282,080 ","$474,900 ","$215,640 ","$530,650 ","$1,275,000 ","$272,500 ","$507,440 ","$1,300,000 ","$797,410 ","$932,100 ","$747,250 ","$223,750 ","$176,670 ","$350,000 ","$500,500 ","$242,170 ","$250,000 ","$163,330 ",NA,"$182,630 ","$232,140 ","$596,890 ","$334,720 ","$198,890 ",,"$381,250 ","$427,990 ","$595,000 ","$255,989 ",NA,"$290,240 ","$730,650 ","$449,000 "
2015,"$484,370 ","$742,340 ","$227,500 ","$253,850 ","$258,330 ","$553,030 ","$132,220 ","$405,170 ","$217,510 ","$153,330 ","$256,250 ",NA,"$215,050 ","$172,860 ","$200,000 ",NA,"$427,010 ","$222,500 ","$1,100,000 ","$245,830 ","$350,000 ","$204,840 ","$562,500 ","$455,000 ","$635,000 ","$336,760 ","$705,190 ","$394,570 ","$212,500 ","$333,520 ","$283,600 ","$465,000 ","$219,150 ","$530,810 ","$1,348,480 ","$280,870 ","$522,220 ","$1,280,000 ","$681,030 ","$960,000 ","$757,500 ","$230,930 ","$153,330 ","$339,000 ","$535,000 ","$243,800 ","$211,110 ","$167,500 ",NA,"$188,460 ","$230,000 ","$598,500 ","$376,190 ","$206,670 ",,"$381,340 ","$434,470 ","$580,000 ","$264,574 ",NA,"$288,290 ","$770,290 ","$455,000 "
2015,"$489,190 ","$763,740 ","$233,330 ","$261,110 ","$296,870 ","$557,060 ","$170,000 ","$436,510 ","$216,110 ","$170,000 ","$250,000 ",NA,"$228,600 ","$183,330 ","$217,190 ",NA,"$432,570 ","$222,060 ","$1,150,000 ","$250,000 ","$310,000 ","$203,570 ","$450,000 ","$530,000 ","$582,500 ","$340,620 ","$717,850 ","$403,420 ","$205,000 ","$332,490 ","$293,480 ","$444,990 ","$220,890 ","$538,660 ","$1,375,000 ","$280,000 ","$498,147 ","$1,330,000 ","$820,120 ","$993,000 ","$684,500 ","$231,030 ","$145,000 ","$355,000 ","$540,000 ","$245,570 ","$218,060 ","$186,000 ",NA,"$188,790 ","$241,670 ","$620,460 ","$393,180 ","$219,440 ",,"$389,880 ","$440,050 ","$579,000 ","$268,070 ",NA,"$288,960 ","$772,560 ","$460,000 "
2015,"$492,250 ","$750,000 ","$256,250 ","$253,660 ","$256,580 ","$555,000 ","$212,500 ","$410,320 ","$223,150 ","$253,120 ","$273,280 ",NA,"$219,330 ","$195,380 ","$211,670 ",NA,"$473,290 ","$199,000 ","$1,105,000 ","$281,250 ","$305,100 ","$206,080 ","$687,499 ","$485,000 ","$609,000 ","$341,300 ","$716,730 ","$402,870 ","$300,000 ","$337,380 ","$295,310 ","$479,000 ","$231,300 ","$569,530 ","$1,308,500 ","$296,030 ","$534,650 ","$1,300,000 ","$735,000 ","$990,000 ","$726,000 ","$235,170 ","$152,860 ","$353,000 ","$545,000 ","$249,670 ","$236,000 ","$200,000 ",NA,"$194,170 ","$248,610 ","$634,190 ","$393,590 ","$226,320 ",,"$393,900 ","$449,530 ","$590,000 ","$270,880 ",NA,"$297,230 ","$748,340 ","$474,000 "
2015,"$490,780 ","$765,000 ","$287,000 ","$265,000 ","$270,000 ","$550,000 ","$206,000 ","$420,750 ","$225,000 ","$177,500 ","$274,900 ",NA,"$229,700 ","$193,790 ","$212,000 ",NA,"$490,360 ","$215,000 ","$1,049,000 ","$277,000 ","$317,000 ","$195,900 ","$450,000 ","$479,500 ","$630,000 ","$321,000 ","$720,000 ","$395,000 ","$250,000 ","$335,000 ","$291,000 ","$450,000 ","$230,180 ","$549,000 ","$1,284,440 ","$290,000 ","$519,000 ","$1,300,440 ","$707,000 ","$965,000 ","$750,000 ","$233,000 ","$169,500 ","$350,000 ","$543,500 ","$250,000 ","$224,440 ","$202,500 ",NA,"$185,800 ","$274,000 ","$622,580 ","$382,500 ","$229,500 ",,"$387,830 ","$452,200 ","$580,000 ","$269,723 ",NA,"$294,790 ","$774,400 ","$472,000 "
2015,"$497,520 ","$735,000 ","$335,000 ","$264,250 ","$249,000 ","$560,000 ","$190,000 ","$383,000 ","$220,000 ","$206,000 ","$268,000 ",NA,"$225,000 ","$184,000 ","$215,000 ",NA,"$492,360 ","$211,500 ","$1,077,500 ","$277,500 ","$345,000 ","$190,000 ","$550,000 ","$470,000 ","$590,000 ","$325,000 ","$714,380 ","$403,000 ","$248,000 ","$335,000 ","$290,000 ","$460,000 ","$230,530 ","$539,000 ","$1,225,440 ","$291,500 ","$507,500 ","$1,234,000 ","$713,500 ","$973,000 ","$715,000 ","$230,000 ","$145,000 ","$360,000 ","$549,000 ","$248,000 ","$240,000 ","$156,000 ",NA,"$191,250 ","$244,800 ","$620,150 ","$387,000 ","$222,000 ",,"$391,652 ","$446,910 ","$554,750 ","$271,096 ",NA,"$293,970 ","$748,680 ","$460,000 "
2015,"$484,670 ","$731,000 ","$240,500 ","$248,000 ","$262,000 ","$525,000 ","$216,500 ","$399,000 ","$220,000 ","$231,250 ","$270,000 ",NA,"$219,900 ","$198,000 ","$225,000 ",NA,"$517,750 ","$218,480 ","$1,050,000 ","$236,150 ","$340,000 ","$205,050 ","$550,000 ","$480,000 ","$617,500 ","$339,900 ","$705,000 ","$390,000 ","$267,500 ","$329,000 ","$290,700 ","$466,000 ","$229,890 ","$525,000 ","$1,189,000 ","$295,000 ","$518,000 ","$1,200,000 ","$745,000 ","$955,000 ","$755,000 ","$238,450 ","$175,000 ","$350,000 ","$541,500 ","$252,000 ","$231,000 ","$192,500 ",NA,"$189,540 ","$249,000 ","$599,710 ","$409,000 ","$230,000 ",,"$388,740 ","$440,870 ","$590,000 ","$268,732 ",NA,"$289,690 ","$734,330 ","$454,900 "
2015,"$478,780 ","$710,000 ","$267,000 ","$262,000 ","$246,940 ","$505,000 ","$249,000 ","$385,000 ","$215,000 ","$201,500 ","$255,000 ",NA,"$210,000 ","$180,000 ","$210,000 ",NA,"$509,570 ","$202,500 ","$1,200,000 ","$248,750 ","$353,500 ","$195,000 ","$599,000 ","$486,000 ","$655,000 ","$330,500 ","$700,000 ","$397,500 ","$264,760 ","$330,000 ","$290,000 ","$487,500 ","$231,330 ","$520,500 ","$1,295,000 ","$280,000 ","$526,650 ","$1,188,940 ","$725,000 ","$951,000 ","$743,750 ","$234,500 ","$187,000 ","$342,500 ","$529,750 ","$259,000 ","$250,000 ","$195,250 ",NA,"$191,450 ","$250,000 ","$604,610 ","$370,000 ","$228,500 ",,"$390,850 ","$443,540 ","$570,000 ","$266,985 ",NA,"$293,090 ","$732,070 ","$460,000 "
2015,"$477,060 ","$730,000 ","$285,000 ","$235,000 ","$246,250 ","$550,000 ","$265,000 ","$394,950 ","$225,000 ","$190,000 ","$275,000 ",NA,"$219,000 ","$185,000 ","$256,000 ",NA,"$457,870 ","$220,000 ","$1,200,000 ","$276,000 ","$369,000 ","$215,000 ","$548,000 ","$512,500 ","$689,400 ","$341,250 ","$705,000 ","$397,750 ","$213,500 ","$330,000 ","$290,000 ","$512,500 ","$236,220 ","$532,380 ","$1,300,000 ","$292,500 ","$530,810 ","$1,195,000 ","$650,000 ","$965,000 ","$703,750 ","$236,250 ","$160,000 ","$355,000 ","$527,000 ","$249,500 ","$260,000 ","$150,000 ",NA,"$174,900 ","$238,750 ","$623,400 ","$400,000 ","$202,000 ",,"$397,350 ","$441,390 ","$576,500 ","$269,495 ",NA,"$293,220 ","$745,440 ","$459,000 "
2015,"$489,770 ","$731,500 ","$275,000 ","$256,500 ","$270,000 ","$500,000 ","$195,000 ","$413,750 ","$225,000 ","$174,500 ","$285,000 ",NA,"$215,000 ","$200,000 ","$218,000 ",NA,"$502,750 ","$228,500 ","$1,100,000 ","$224,900 ","$360,000 ","$211,000 ","$995,000 ","$520,000 ","$595,500 ","$350,000 ","$700,000 ","$395,000 ","$264,500 ","$341,000 ","$296,500 ","$452,500 ","$234,080 ","$530,000 ","$1,204,000 ","$285,000 ","$549,000 ","$1,194,000 ","$602,500 ","$920,000 ","$703,940 ","$234,570 ","$141,750 ","$349,450 ","$549,000 ","$249,950 ","$222,000 ","$185,000 ",NA,"$195,500 ","$229,000 ","$601,910 ","$354,750 ","$233,000 ",,"$393,510 ","$448,930 ","$598,000 ","$268,925 ",NA,"$300,130 ","$729,690 ","$460,000 "
2016,"$467,160 ","$700,000 ","$215,500 ","$260,000 ","$258,750 ","$500,000 ","$157,000 ","$405,000 ","$216,000 ","$159,975 ","$247,800 ",NA,"$215,000 ","$190,000 ","$235,000 ","$105,000 ","$480,950 ","$227,500 ","$952,500 ","$279,000 ","$355,000 ","$193,950 ","$475,000 ","$500,000 ","$584,500 ","$339,500 ","$699,900 ","$405,000 ","$342,000 ","$328,000 ","$281,000 ","$480,000 ","$234,460 ","$530,000 ","$1,160,000 ","$290,000 ","$540,000 ","$1,077,500 ","$748,000 ","$895,000 ","$694,500 ","$226,250 ","$195,000 ","$354,000 ","$550,000 ","$245,000 ","$213,700 ","$190,000 ",NA,"$195,000 ","$210,000 ","$638,590 ","$345,000 ","$210,000 ",,"$380,110 ","$434,000 ","$580,000 ","$261,889 ","$227,000 ","$291,920 ","$690,000 ","$450,000 "
2016,"$444,780 ","$715,000 ","$275,000 ","$264,960 ","$262,500 ","$529,000 ","$175,000 ","$422,000 ","$214,250 ","$197,500 ","$265,540 ",NA,"$220,000 ","$205,000 ","$190,000 ","$135,000 ","$444,410 ","$219,920 ","$1,141,400 ","$264,250 ","$382,500 ","$199,000 ","$282,450 ","$497,980 ","$650,000 ","$295,950 ","$705,000 ","$417,000 ","$269,000 ","$330,000 ","$299,000 ","$464,500 ","$226,870 ","$523,500 ","$1,410,000 ","$295,000 ","$518,000 ","$1,200,000 ","$735,000 ","$942,500 ","$794,500 ","$212,250 ","$168,000 ","$361,500 ","$540,000 ","$250,000 ","$230,000 ","$170,750 ",NA,"$190,000 ","$256,500 ","$610,820 ","$379,500 ","$225,000 ",,"$387,370 ","$429,980 ","$555,123 ","$265,436 ","$219,000 ","$290,270 ","$698,950 ","$450,000 "
2016,"$484,120 ","$758,000 ","$307,000 ","$286,810 ","$270,000 ","$548,780 ","$199,000 ","$435,010 ","$231,000 ","$196,000 ","$280,000 ",NA,"$220,000 ","$205,000 ","$242,450 ","$112,000 ","$441,700 ","$219,500 ","$1,187,500 ","$227,500 ","$379,000 ","$185,000 ","$580,000 ","$490,000 ","$650,000 ","$364,900 ","$720,200 ","$405,000 ","$225,000 ","$350,000 ","$305,000 ","$495,000 ","$237,350 ","$550,000 ","$1,355,000 ","$295,000 ","$550,000 ","$1,205,000 ","$569,000 ","$1,065,000 ","$790,000 ","$222,250 ","$151,000 ","$370,000 ","$560,000 ","$262,000 ","$232,000 ","$189,500 ",NA,"$198,000 ","$244,900 ","$620,020 ","$362,500 ","$235,450 ",,"$399,740 ","$448,420 ","$573,000 ","$275,943 ","$230,000 ","$309,890 ","$761,090 ","$469,000 "
2016,"$509,240 ","$800,000 ","$235,000 ","$272,750 ","$276,000 ","$565,000 ","$315,000 ","$432,000 ","$229,000 ","$225,000 ","$277,500 ",NA,"$215,600 ","$202,000 ","$240,500 ","$152,950 ","$457,180 ","$215,000 ","$1,200,000 ","$235,000 ","$331,000 ","$205,000 ","$316,500 ","$529,900 ","$629,980 ","$327,500 ","$735,000 ","$429,500 ","$277,000 ","$350,000 ","$309,000 ","$479,000 ","$236,850 ","$557,000 ","$1,400,000 ","$300,500 ","$535,000 ","$1,312,500 ","$725,000 ","$1,085,000 ","$775,500 ","$223,950 ","$166,000 ","$380,000 ","$569,000 ","$265,000 ","$232,000 ","$184,000 ",NA,"$207,250 ","$253,750 ","$630,100 ","$419,000 ","$240,000 ",,"$409,410 ","$460,940 ","$607,000 ","$281,556 ","$234,500 ","$310,840 ","$831,180 ","$479,900 "
2016,"$519,930 ","$828,000 ","$268,500 ","$271,000 ","$287,500 ","$595,000 ","$189,500 ","$429,500 ","$232,000 ","$175,000 ","$270,000 ",NA,"$225,000 ","$215,000 ","$238,000 ","$134,450 ","$467,290 ","$213,500 ","$1,237,500 ","$299,000 ","$330,000 ","$223,500 ","$585,000 ","$540,000 ","$645,770 ","$354,000 ","$731,750 ","$427,000 ","$225,000 ","$355,000 ","$317,950 ","$479,000 ","$245,080 ","$565,000 ","$1,360,000 ","$320,000 ","$540,000 ","$1,392,500 ","$689,000 ","$1,100,000 ","$800,000 ","$229,000 ","$175,000 ","$385,500 ","$580,000 ","$265,000 ","$235,000 ","$170,000 ",NA,"$205,000 ","$242,500 ","$617,740 ","$398,000 ","$225,000 ",,"$411,120 ","$469,090 ","$610,000 ","$285,761 ","$235,000 ","$315,980 ","$848,580 ","$490,000 "
2016,"$518,980 ","$803,000 ","$319,000 ","$275,000 ","$315,000 ","$625,000 ","$198,750 ","$461,550 ","$241,000 ","$205,000 ","$284,000 ",NA,"$239,700 ","$207,000 ","$259,000 ","$166,000 ","$502,190 ","$230,380 ","$1,218,500 ","$264,000 ","$350,000 ","$213,500 ","$664,250 ","$537,000 ","$619,000 ","$352,000 ","$754,000 ","$430,000 ","$270,000 ","$360,000 ","$329,000 ","$511,500 ","$245,220 ","$560,000 ","$1,350,000 ","$315,000 ","$525,000 ","$1,306,250 ","$742,000 ","$1,050,000 ","$800,000 ","$243,000 ","$215,000 ","$390,000 ","$608,000 ","$276,000 ","$251,000 ","$235,000 ",NA,"$210,000 ","$245,000 ","$662,500 ","$399,900 ","$250,000 ",,"$413,260 ","$473,670 ","$615,000 ","$293,457 ","$250,000 ","$319,100 ","$841,960 ","$495,000 "
2016,"$511,420 ","$800,000 ","$275,000 ","$288,750 ","$291,000 ","$625,000 ","$201,280 ","$425,000 ","$235,700 ","$225,000 ","$307,900 ",NA,"$233,500 ","$215,000 ","$245,250 ","$165,000 ","$513,700 ","$233,000 ","$1,150,000 ","$270,000 ","$345,000 ","$215,000 ","$534,600 ","$539,750 ","$634,380 ","$359,000 ","$734,000 ","$435,000 ","$245,000 ","$359,900 ","$320,000 ","$485,000 ","$248,000 ","$560,000 ","$1,362,500 ","$308,500 ","$549,000 ","$1,350,000 ","$583,800 ","$1,045,000 ","$756,500 ","$229,450 ","$214,000 ","$381,000 ","$572,500 ","$270,000 ","$275,000 ","$184,000 ",NA,"$215,000 ","$245,000 ","$615,000 ","$389,000 ","$254,500 ",,"$421,830 ","$465,000 ","$580,000 ","$291,095 ","$243,500 ","$317,950 ","$810,510 ","$490,000 "
2016,"$527,490 ","$775,000 ","$257,500 ","$264,120 ","$310,000 ","$570,000 ","$174,500 ","$425,000 ","$239,000 ","$230,500 ","$290,000 ",NA,"$220,000 ","$209,220 ","$234,500 ","$185,000 ","$520,400 ","$245,000 ","$1,200,000 ","$311,500 ","$362,500 ","$220,000 ","$532,500 ","$515,000 ","$625,000 ","$343,000 ","$749,000 ","$430,000 ","$275,000 ","$355,000 ","$323,500 ","$538,380 ","$240,500 ","$563,000 ","$1,257,500 ","$325,000 ","$535,000 ","$1,250,000 ","$775,000 ","$975,000 ","$824,000 ","$248,000 ","$204,500 ","$410,000 ","$585,000 ","$272,750 ","$267,410 ","$202,000 ",NA,"$204,900 ","$266,450 ","$609,000 ","$410,480 ","$249,900 ",,"$419,260 ","$473,300 ","$648,900 ","$290,751 ","$245,500 ","$316,630 ","$777,160 ","$495,000 "
2016,"$516,450 ","$760,000 ","$243,500 ","$275,000 ","$285,000 ","$549,900 ","$239,500 ","$419,000 ","$240,000 ","$220,500 ","$290,000 ",NA,"$215,000 ","$197,000 ","$220,000 ","$161,090 ","$550,705 ","$240,000 ","$1,165,000 ","$332,500 ","$370,000 ","$214,000 ","$465,000 ","$566,500 ","$650,000 ","$348,700 ","$739,000 ","$430,240 ","$278,500 ","$352,250 ","$317,500 ","$527,500 ","$251,750 ","$569,000 ","$1,218,750 ","$322,000 ","$574,750 ","$1,290,000 ","$732,500 ","$1,000,000 ","$774,500 ","$239,000 ","$192,000 ","$389,500 ","$590,000 ","$270,000 ","$247,500 ","$219,000 ",NA,"$209,900 ","$242,500 ","$583,800 ","$407,000 ","$245,000 ",,"$414,570 ","$463,330 ","$632,000 ","$289,604 ","$244,000 ","$319,350 ","$770,150 ","$498,000 "
2016,"$513,520 ","$775,000 ","$276,500 ","$293,000 ","$300,050 ","$535,650 ","$264,500 ","$419,000 ","$240,000 ","$185,050 ","$305,000 ",NA,"$227,000 ","$217,000 ","$262,500 ","$142,500 ","$536,760 ","$225,000 ","$1,225,000 ","$267,250 ","$360,000 ","$233,250 ","$379,000 ","$499,900 ","$618,250 ","$360,000 ","$750,000 ","$436,000 ","$215,000 ","$355,950 ","$320,000 ","$506,000 ","$245,000 ","$576,620 ","$1,407,500 ","$320,000 ","$538,500 ","$1,350,000 ","$595,000 ","$1,047,500 ","$799,900 ","$249,000 ","$182,500 ","$392,500 ","$595,000 ","$280,000 ","$250,500 ","$163,000 ",NA,"$205,000 ","$221,000 ","$599,000 ","$381,250 ","$236,000 ",,"$419,820 ","$464,110 ","$575,000 ","$293,911 ","$250,000 ","$314,210 ","$803,190 ","$489,000 "
2016,"$502,490 ","$800,000 ","$275,000 ","$279,000 ","$268,500 ","$569,000 ","$225,000 ","$442,000 ","$238,000 ","$215,000 ","$289,000 ",NA,"$225,000 ","$210,000 ","$259,000 ","$144,500 ","$487,060 ","$216,950 ","$1,050,000 ","$258,250 ","$371,500 ","$215,000 ","$618,750 ","$515,000 ","$637,500 ","$358,500 ","$734,500 ","$427,000 ","$266,000 ","$352,500 ","$325,000 ","$503,090 ","$250,000 ","$557,000 ","$1,360,500 ","$319,000 ","$560,000 ","$1,216,750 ","$719,500 ","$1,010,000 ","$795,000 ","$250,000 ","$183,000 ","$380,000 ","$578,000 ","$271,500 ","$259,000 ","$235,000 ",NA,"$217,500 ","$260,000 ","$625,000 ","$375,000 ","$265,000 ",,"$416,860 ","$461,440 ","$608,000 ","$292,339 ","$248,000 ","$317,620 ","$809,150 ","$483,000 "
2016,"$510,560 ","$755,000 ","$272,500 ","$294,250 ","$288,000 ","$550,000 ","$232,250 ","$434,500 ","$239,500 ","$197,500 ","$295,000 ",NA,"$220,000 ","$215,000 ","$210,000 ","$159,000 ","$522,520 ","$237,500 ","$1,118,700 ","$227,000 ","$366,000 ","$235,000 ","$528,500 ","$497,000 ","$605,000 ","$355,000 ","$745,000 ","$425,000 ","$230,000 ","$360,000 ","$314,940 ","$475,000 ","$255,000 ","$568,000 ","$1,315,210 ","$326,750 ","$559,000 ","$1,332,500 ","$735,000 ","$965,000 ","$805,000 ","$235,750 ","$255,000 ","$405,000 ","$585,000 ","$275,000 ","$253,500 ","$204,250 ",NA,"$204,950 ","$253,380 ","$589,150 ","$405,000 ","$247,450 ",,"$403,170 ","$464,640 ","$598,000 ","$287,464 ","$245,000 ","$321,330 ","$775,820 ","$485,000 "
2017,"$491,840 ","$755,000 ","$295,000 ","$264,000 ","$285,000 ","$540,000 ","$218,500 ","$414,250 ","$238,000 ","$221,000 ","$296,500 ",NA,"$215,000 ","$200,000 ","$215,000 ","$175,000 ","$509,130 ","$237,500 ","$1,150,000 ","$272,450 ","$417,500 ","$225,500 ","$526,750 ","$572,500 ","$662,500 ","$366,500 ","$740,000 ","$425,000 ","$300,250 ","$357,500 ","$305,000 ","$550,000 ","$245,440 ","$550,000 ","$1,250,000 ","$307,500 ","$536,000 ","$1,150,000 ","$710,000 ","$927,500 ","$800,000 ","$233,380 ","$239,000 ","$387,400 ","$579,500 ","$279,750 ","$252,000 ","$210,000 ",NA,"$202,500 ","$279,450 ","$587,250 ","$380,000 ","$250,000 ",,"$399,760 ","$450,710 ","$598,500 ","$281,061 ","$238,000 ","$312,500 ","$730,200 ","$474,000 "
2017,"$480,270 ","$786,000 ","$265,000 ","$290,000 ","$294,500 ","$554,250 ","$265,000 ","$419,500 ","$230,000 ","$181,500 ","$297,500 ",NA,"$218,000 ","$222,500 ","$230,000 ","$171,000 ","$470,200 ","$230,000 ","$1,174,500 ","$335,000 ","$381,500 ","$231,000 ","$520,880 ","$535,000 ","$660,000 ","$390,000 ","$745,000 ","$435,000 ","$210,000 ","$367,250 ","$324,900 ","$517,500 ","$265,000 ","$559,950 ","$1,276,000 ","$314,730 ","$556,000 ","$1,352,000 ","$844,000 ","$1,100,000 ","$799,000 ","$235,000 ","$240,000 ","$382,500 ","$598,640 ","$270,500 ","$269,120 ","$225,000 ",NA,"$216,500 ","$287,500 ","$582,500 ","$372,000 ","$256,500 ",,"$407,100 ","$454,520 ","$628,500 ","$285,962 ","$249,000 ","$327,440 ","$784,470 ","$480,000 "
2017,"$518,600 ","$833,750 ","$314,900 ","$287,500 ","$292,000 ","$585,000 ","$130,000 ","$450,000 ","$247,250 ","$211,000 ","$295,000 ",NA,"$225,000 ","$215,000 ","$215,000 ","$182,000 ","$465,810 ","$239,000 ","$1,250,000 ","$285,000 ","$395,000 ","$229,500 ","$1,022,500 ","$562,450 ","$675,000 ","$383,750 ","$760,000 ","$440,000 ","$565,000 ","$375,000 ","$326,750 ","$525,000 ","$260,000 ","$571,000 ","$1,350,000 ","$320,000 ","$547,500 ","$1,350,000 ","$810,000 ","$1,130,000 ","$814,500 ","$239,000 ","$184,000 ","$400,000 ","$635,000 ","$271,450 ","$258,000 ","$201,000 ",NA,"$210,000 ","$270,500 ","$627,000 ","$393,000 ","$254,900 ",,"$425,000 ","$472,080 ","$620,000 ","$288,459 ","$249,000 ","$335,000 ","$830,000 ","$498,000 "
2017,"$537,950 ","$875,000 ","$327,000 ","$302,900 ","$318,500 ","$653,694 ","$239,000 ","$474,500 ","$244,090 ","$230,000 ","$300,000 ",NA,"$236,750 ","$232,000 ","$248,468 ","$175,500 ","$480,230 ","$240,000 ","$1,325,000 ","$273,000 ","$358,000 ","$247,915 ","$516,250 ","$569,000 ","$685,000 ","$424,000 ","$775,000 ","$460,000 ","$239,000 ","$379,000 ","$326,000 ","$521,000 ","$255,500 ","$590,000 ","$1,402,500 ","$340,000 ","$572,500 ","$1,500,000 ","$569,000 ","$1,160,000 ","$815,000 ","$243,250 ","$200,000 ","$400,000 ","$608,000 ","$283,000 ","$249,500 ","$207,000 ",NA,"$214,900 ","$270,000 ","$635,000 ","$386,750 ","$267,500 ",,"$436,390 ","$480,000 ","$651,000 ","$301,193 ","$252,900 ","$335,000 ","$885,000 ","$510,000 "
2017,"$550,239 ","$862,000 ","$350,000 ","$308,000 ","$300,000 ","$653,000 ","$220,000 ","$469,000 ","$250,000 ","$200,000 ","$289,500 ",NA,"$230,000 ","$211,000 ","$240,000 ","$192,500 ","$492,040 ","$249,000 ","$1,315,000 ","$271,000 ","$410,000 ","$243,500 ","$627,500 ","$617,000 ","$673,250 ","$389,000 ","$795,000 ","$460,000 ","$285,000 ","$375,000 ","$342,100 ","$520,000 ","$272,500 ","$605,000 ","$1,501,680 ","$331,950 ","$569,000 ","$1,480,000 ","$725,000 ","$1,200,000 ","$875,000 ","$255,000 ","$211,500 ","$415,000 ","$625,000 ","$290,000 ","$283,000 ","$203,000 ",NA,"$225,000 ","$299,000 ","$636,500 ","$453,450 ","$255,570 ",,"$440,890 ","$488,720 ","$650,000 ","$311,166 ","$269,500 ","$340,710 ","$935,000 ","$520,000 "
2017,"$555,410 ","$900,000 ","$337,500 ","$306,500 ","$310,000 ","$660,000 ","$165,000 ","$499,000 ","$260,000 ","$210,000 ","$302,500 ",NA,"$229,450 ","$230,000 ","$259,500 ","$195,000 ","$548,220 ","$274,900 ","$1,272,500 ","$300,000 ","$445,000 ","$250,100 ","$482,850 ","$624,500 ","$685,000 ","$380,000 ","$795,000 ","$472,000 ","$297,000 ","$385,000 ","$347,000 ","$535,000 ","$270,000 ","$612,750 ","$1,469,000 ","$340,000 ","$556,000 ","$1,433,750 ","$767,500 ","$1,182,500 ","$860,000 ","$269,900 ","$235,000 ","$420,000 ","$627,250 ","$289,000 ","$277,000 ","$187,500 ",NA,"$225,450 ","$287,000 ","$637,500 ","$445,000 ","$275,470 ",,"$451,450 ","$500,000 ","$665,550 ","$318,220 ","$270,000 ","$345,000 ","$900,000 ","$525,000 "
2017,"$549,460 ","$875,500 ","$320,000 ","$299,900 ","$324,500 ","$633,250 ","$204,900 ","$480,500 ","$258,000 ","$205,000 ","$307,500 ",NA,"$235,000 ","$222,000 ","$265,000 ","$171,000 ","$566,240 ","$279,250 ","$1,224,000 ","$262,500 ","$370,000 ","$260,000 ","$578,000 ","$629,000 ","$695,000 ","$398,500 ","$785,000 ","$453,000 ","$325,000 ","$385,500 ","$353,000 ","$535,000 ","$266,250 ","$613,000 ","$1,428,000 ","$350,000 ","$590,000 ","$1,500,000 ","$611,000 ","$1,165,000 ","$815,000 ","$255,000 ","$215,000 ","$420,000 ","$645,000 ","$297,000 ","$280,300 ","$206,750 ",NA,"$219,950 ","$292,500 ","$648,500 ","$426,750 ","$266,890 ",,"$443,160 ","$508,810 ","$650,000 ","$318,929 ","$269,000 ","$344,040 ","$890,430 ","$531,000 "
2017,"$565,330 ","$867,500 ","$334,500 ","$291,000 ","$345,000 ","$627,860 ","$214,950 ","$485,000 ","$259,000 ","$225,000 ","$316,750 ",NA,"$235,100 ","$225,000 ","$241,500 ","$215,000 ","$570,720 ","$263,500 ","$1,207,120 ","$280,000 ","$402,500 ","$250,000 ","$386,500 ","$580,500 ","$654,000 ","$375,000 ","$789,000 ","$462,000 ","$325,000 ","$388,500 ","$348,000 ","$600,000 ","$269,950 ","$605,000 ","$1,380,000 ","$355,000 ","$599,000 ","$1,375,000 ","$631,000 ","$1,150,000 ","$825,000 ","$252,450 ","$212,000 ","$410,000 ","$625,500 ","$294,290 ","$289,000 ","$225,000 ",NA,"$224,900 ","$292,000 ","$640,000 ","$445,000 ","$265,000 ",,"$446,760 ","$499,970 ","$635,000 ","$317,036 ","$264,935 ","$341,340 ","$850,000 ","$525,000 "
2017,"$555,410 ","$853,000 ","$315,000 ","$311,900 ","$340,000 ","$605,000 ","$224,300 ","$449,950 ","$265,000 ","$207,500 ","$325,000 ",NA,"$234,700 ","$223,000 ","$234,250 ","$145,500 ","$606,110 ","$269,900 ","$1,250,000 ","$299,000 ","$419,000 ","$260,000 ","$632,500 ","$569,900 ","$632,500 ","$410,000 ","$799,000 ","$450,000 ","$275,000 ","$385,700 ","$347,750 ","$508,500 ","$279,000 ","$605,000 ","$1,350,000 ","$355,000 ","$607,500 ","$1,400,500 ","$707,000 ","$1,180,000 ","$845,000 ","$244,900 ","$187,500 ","$422,500 ","$620,000 ","$295,000 ","$275,000 ","$191,750 ",NA,"$229,950 ","$282,000 ","$609,000 ","$432,000 ","$274,900 ",,"$450,400 ","$491,130 ","$652,500 ","$317,336 ","$258,900 ","$338,640 ","$846,880 ","$528,000 "
2017,"$546,430 ","$862,450 ","$309,000 ","$307,700 ","$298,000 ","$615,000 ","$220,000 ","$445,000 ","$254,950 ","$215,000 ","$305,450 ",NA,"$229,500 ","$213,500 ","$257,500 ","$160,000 ","$580,360 ","$251,980 ","$1,252,500 ","$275,000 ","$405,000 ","$250,000 ","$715,000 ","$575,000 ","$649,000 ","$388,500 ","$786,000 ","$455,000 ","$320,000 ","$382,500 ","$349,900 ","$545,000 ","$274,450 ","$603,000 ","$1,594,000 ","$340,000 ","$560,000 ","$1,522,500 ","$653,000 ","$1,242,500 ","$867,000 ","$255,000 ","$217,500 ","$415,000 ","$645,000 ","$295,000 ","$285,000 ","$210,000 ",NA,"$225,000 ","$266,000 ","$635,000 ","$445,500 ","$271,950 ",,"$450,880 ","$490,000 ","$645,000 ","$309,900 ","$264,000 ","$339,000 ","$889,000 ","$520,000 "
2017,"$546,820 ","$880,000 ","$348,950 ","$315,000 ","$318,000 ","$615,000 ","$214,000 ","$470,000 ","$264,000 ","$232,000 ","$310,000 ",NA,"$235,000 ","$230,000 ","$262,000 ","$189,000 ","$530,920 ","$245,000 ","$1,230,000 ","$250,000 ","$374,500 ","$255,000 ","$400,000 ","$618,120 ","$682,000 ","$405,750 ","$785,000 ","$450,000 ","$302,000 ","$383,000 ","$349,900 ","$649,880 ","$280,000 ","$619,900 ","$1,500,000 ","$360,500 ","$615,000 ","$1,486,000 ","$742,000 ","$1,282,500 ","$870,000 ","$250,000 ","$189,500 ","$410,000 ","$655,000 ","$298,750 ","$270,000 ","$224,500 ",NA,"$215,000 ","$325,000 ","$640,000 ","$440,000 ","$285,000 ",,"$451,250 ","$500,500 ","$685,000 ","$310,000 ","$264,500 ","$340,000 ","$900,000 ","$530,000 "
2017,"$546,550 ","$862,000 ","$305,000 ","$304,000 ","$285,000 ","$600,000 ","$251,500 ","$450,000 ","$259,750 ","$230,000 ","$319,500 ",NA,"$233,000 ","$225,000 ","$269,500 ","$175,000 ","$577,690 ","$239,000 ","$1,268,900 ","$310,000 ","$409,500 ","$239,900 ","$515,000 ","$614,000 ","$688,000 ","$393,500 ","$785,500 ","$451,500 ","$256,000 ","$385,000 ","$350,000 ","$537,000 ","$278,000 ","$605,000 ","$1,475,000 ","$349,720 ","$590,000 ","$1,500,000 ","$730,000 ","$1,300,000 ","$831,000 ","$258,250 ","$192,500 ","$416,000 ","$670,000 ","$300,000 ","$270,000 ","$190,000 ",NA,"$219,500 ","$269,900 ","$645,000 ","$420,000 ","$241,000 ",,"$446,840 ","$495,000 ","$657,500 ","$310,000 ","$260,000 ","$342,000 ","$882,000 ","$522,000 "
2018,"$527,780 ","$840,000 ","$330,000 ","$314,750 ","$306,500 ","$555,000 ","$198,500 ","$480,000 ","$245,450 ","$228,500 ","$300,000 ",NA,"$225,500 ","$238,000 ","$279,000 ","$217,750 ","$564,100 ","$275,000 ","$1,317,500 ","$276,500 ","$425,000 ","$257,000 ","$480,000 ","$571,500 ","$662,000 ","$382,000 ","$780,000 ","$446,000 ","$265,950 ","$397,250 ","$350,000 ","$555,000 ","$277,000 ","$590,000 ","$1,330,000 ","$350,000 ","$565,000 ","$1,437,500 ","$567,000 ","$1,170,000 ","$790,000 ","$249,000 ","$193,000 ","$425,000 ","$670,000 ","$295,000 ","$284,200 ","$227,500 ",NA,"$215,730 ","$265,000 ","$660,720 ","$383,000 ","$265,360 ",,"$425,000 ","$490,000 ","$605,000 ","$305,000 ","$262,000 ","$350,000 ","$800,000 ","$513,073 "
2018,"$522,440 ","$832,000 ","$318,500 ","$297,000 ","$311,500 ","$610,000 ","$216,500 ","$468,000 ","$266,440 ","$219,600 ","$291,700 ",NA,"$237,000 ","$215,000 ","$234,500 ","$280,000 ","$527,280 ","$255,000 ","$1,371,000 ","$357,000 ","$420,000 ","$267,850 ","$830,000 ","$590,000 ","$713,500 ","$400,000 ","$805,380 ","$472,370 ","$261,500 ","$396,250 ","$350,000 ","$545,000 ","$278,000 ","$605,000 ","$1,730,000 ","$365,000 ","$605,000 ","$1,610,000 ","$755,000 ","$1,383,500 ","$800,000 ","$255,000 ","$200,000 ","$430,000 ","$689,000 ","$300,000 ","$283,500 ","$189,000 ",NA,"$225,000 ","$274,000 ","$609,000 ","$397,500 ","$269,000 ",,"$454,500 ","$498,000 ","$665,000 ","$310,000 ","$258,000 ","$350,000 ","$875,000 ","$525,000 "
2018,"$564,830 ","$955,000 ","$340,000 ","$315,000 ","$325,000 ","$655,000 ","$200,000 ","$510,000 ","$264,950 ","$244,500 ","$313,500 ",NA,"$232,500 ","$238,000 ","$280,000 ","$135,000 ","$528,980 ","$265,000 ","$1,392,500 ","$290,000 ","$379,000 ","$257,500 ","$780,000 ","$625,000 ","$675,000 ","$430,000 ","$824,450 ","$475,500 ","$353,000 ","$398,000 ","$365,000 ","$586,670 ","$280,000 ","$625,400 ","$1,680,000 ","$370,000 ","$610,000 ","$1,615,000 ","$698,000 ","$1,454,500 ","$910,000 ","$242,500 ","$226,350 ","$445,000 ","$685,000 ","$308,000 ","$281,000 ","$222,500 ",NA,"$232,500 ","$292,500 ","$638,500 ","$422,500 ","$277,900 ",,"$466,420 ","$515,000 ","$660,000 ","$324,760 ","$252,000 ","$351,450 ","$980,000 ","$540,000 "
2018,"$584,460 ","$969,300 ","$335,000 ","$316,000 ","$340,000 ","$689,660 ","$239,000 ","$499,999 ","$260,000 ","$215,000 ","$309,000 ",NA,"$235,000 ","$235,000 ","$285,000 ","$155,500 ","$528,540 ","$244,000 ","$1,385,000 ","$344,850 ","$430,000 ","$259,000 ","$520,000 ","$607,750 ","$682,500 ","$408,738 ","$818,000 ","$489,000 ","$280,250 ","$400,000 ","$369,000 ","$569,217 ","$289,900 ","$635,000 ","$1,650,000 ","$374,990 ","$597,505 ","$1,770,000 ","$650,000 ","$1,425,000 ","$899,000 ","$258,950 ","$217,250 ","$447,500 ","$685,000 ","$306,000 ","$280,000 ","$210,000 ",NA,"$229,250 ","$305,000 ","$665,000 ","$495,000 ","$285,000 ",,"$476,010 ","$515,000 ","$661,750 ","$330,690 ","$267,650 ","$360,000 ","$1,010,000 ","$542,000 "
2018,"$600,860 ","$1,025,000 ","$331,500 ","$324,100 ","$329,000 ","$687,500 ","$214,000 ","$552,000 ","$279,980 ","$230,000 ","$314,900 ",NA,"$247,750 ","$235,000 ","$263,400 ","$215,000 ","$536,940 ","$259,000 ","$1,415,000 ","$320,000 ","$420,000 ","$262,000 ","$852,500 ","$677,000 ","$702,500 ","$404,000 ","$838,000 ","$499,650 ","$310,000 ","$409,920 ","$375,000 ","$579,900 ","$285,000 ","$640,000 ","$1,620,000 ","$367,860 ","$638,660 ","$1,600,000 ","$680,000 ","$1,400,000 ","$865,000 ","$264,000 ","$210,000 ","$451,000 ","$698,500 ","$325,000 ","$281,000 ","$197,500 ",NA,"$234,950 ","$300,000 ","$670,000 ","$476,500 ","$297,500 ",,"$465,000 ","$530,000 ","$695,000 ","$330,000 ","$268,000 ","$360,000 ","$1,050,000 ","$558,000 "
2018,"$602,770 ","$1,015,000 ","$335,000 ","$323,000 ","$313,000 ","$702,370 ","$312,500 ","$525,000 ","$275,500 ","$227,710 ","$331,250 ",NA,"$245,000 ","$245,000 ","$298,800 ","$212,000 ","$586,090 ","$268,000 ","$1,415,000 ","$307,000 ","$449,000 ","$275,000 ","$570,000 ","$632,500 ","$740,000 ","$452,000 ","$835,500 ","$510,000 ","$290,000 ","$405,000 ","$375,000 ","$570,400 ","$293,250 ","$650,000 ","$1,620,000 ","$377,150 ","$612,500 ","$1,650,500 ","$753,750 ","$1,400,000 ","$925,000 ","$281,500 ","$187,500 ","$450,000 ","$705,000 ","$320,000 ","$315,000 ","$234,900 ",NA,"$234,500 ","$318,500 ","$675,000 ","$450,000 ","$292,500 ",,"$476,500 ","$539,000 ","$670,000 ","$334,000 ","$286,000 ","$360,000 ","$1,045,000 ","$560,000 "
2018,"$591,230 ","$970,000 ","$327,000 ","$315,000 ","$330,000 ","$680,000 ","$210,000 ","$504,000 ","$280,000 ","$235,000 ","$310,000 ",NA,"$250,000 ","$224,980 ","$249,950 ","$185,000 ","$597,520 ","$250,000 ","$1,325,000 ","$327,750 ","$393,750 ","$267,450 ","$899,500 ","$655,500 ","$727,000 ","$419,500 ","$829,000 ","$495,000 ","$290,000 ","$408,000 ","$370,000 ","$626,500 ","$292,000 ","$650,000 ","$1,650,000 ","$370,000 ","$650,000 ","$1,610,000 ","$550,000 ","$1,351,000 ","$898,000 ","$280,000 ","$223,000 ","$454,000 ","$650,000 ","$325,000 ","$294,500 ","$223,000 ",NA,"$239,000 ","$315,000 ","$662,360 ","$430,000 ","$289,000 ",,"$486,330 ","$535,000 ","$700,000 ","$290,750 ","$279,000 ","$365,000 ","$980,000 ","$560,000 "
2018,"$595,920 ","$960,000 ","$335,000 ","$315,000 ","$340,000 ","$650,000 ","$249,900 ","$480,000 ","$280,000 ","$225,500 ","$315,000 ",NA,"$247,000 ","$227,750 ","$265,000 ","$192,500 ","$607,490 ","$254,900 ","$1,222,500 ","$325,000 ","$430,000 ","$288,400 ","$880,000 ","$599,000 ","$752,500 ","$420,000 ","$838,500 ","$475,000 ","$292,250 ","$400,750 ","$369,950 ","$575,000 ","$290,000 ","$660,000 ","$1,550,000 ","$380,000 ","$630,000 ","$1,500,000 ","$572,500 ","$1,295,000 ","$917,500 ","$286,000 ","$216,000 ","$455,000 ","$670,000 ","$319,900 ","$310,000 ","$208,500 ",NA,"$239,000 ","$331,360 ","$660,000 ","$450,000 ","$269,000 ",,"$470,000 ","$525,000 ","$675,278 ","$325,000 ","$285,000 ","$356,000 ","$935,000 ","$555,000 "
2018,"$578,420 ","$900,000 ","$325,500 ","$320,000 ","$328,000 ","$650,000 ","$205,000 ","$465,000 ","$267,000 ","$227,500 ","$315,000 ",NA,"$241,000 ","$239,950 ","$288,000 ","$159,450 ","$634,680 ","$282,500 ","$1,395,000 ","$315,000 ","$433,500 ","$280,000 ","$622,500 ","$624,000 ","$685,000 ","$445,000 ","$825,000 ","$475,000 ","$265,000 ","$405,950 ","$372,000 ","$562,000 ","$300,000 ","$640,000 ","$1,507,500 ","$360,000 ","$639,000 ","$1,600,000 ","$677,500 ","$1,250,000 ","$910,500 ","$255,000 ","$205,000 ","$451,500 ","$654,500 ","$315,000 ","$290,000 ","$228,000 ",NA,"$240,000 ","$291,400 ","$673,750 ","$470,000 ","$257,500 ",,"$470,000 ","$520,000 ","$678,989 ","$325,000 ","$264,950 ","$368,000 ","$930,000 ","$545,000 "
2018,"$572,000 ","$900,000 ","$325,000 ","$318,000 ","$302,500 ","$657,000 ","$223,000 ","$500,000 ","$272,000 ","$253,000 ","$315,000 ",NA,"$240,000 ","$229,000 ","$265,250 ","$148,000 ","$614,500 ","$254,950 ","$1,450,000 ","$305,500 ","$420,000 ","$271,850 ","$599,900 ","$620,000 ","$709,500 ","$401,500 ","$810,000 ","$470,000 ","$310,000 ","$400,000 ","$360,000 ","$597,000 ","$289,000 ","$635,500 ","$1,600,000 ","$369,200 ","$586,000 ","$1,588,000 ","$659,000 ","$1,290,000 ","$885,000 ","$261,000 ","$181,500 ","$430,000 ","$650,000 ","$319,000 ","$290,000 ","$233,250 ",NA,"$232,000 ","$304,000 ","$650,000 ","$443,750 ","$282,000 ",,"$470,000 ","$516,000 ","$669,500 ","$320,000 ","$268,000 ","$359,000 ","$958,800 ","$540,000 "
2018,"$554,240 ","$900,000 ","$312,500 ","$326,940 ","$325,000 ","$641,000 ","$250,000 ","$461,750 ","$265,750 ","$225,000 ","$310,000 ",NA,"$235,250 ","$222,000 ","$255,000 ","$184,000 ","$553,940 ","$265,000 ","$1,172,940 ","$355,000 ","$414,000 ","$261,930 ","$725,000 ","$630,000 ","$683,500 ","$399,000 ","$795,000 ","$461,000 ","$289,500 ","$400,000 ","$365,000 ","$583,200 ","$299,450 ","$626,000 ","$1,442,500 ","$365,000 ","$624,000 ","$1,500,000 ","$550,000 ","$1,250,000 ","$862,500 ","$283,000 ","$226,000 ","$450,000 ","$612,500 ","$310,000 ","$296,000 ","$199,000 ",NA,"$237,400 ","$288,500 ","$643,740 ","$429,500 ","$263,000 ",,"$458,000 ","$512,000 ","$672,500 ","$320,000 ","$290,250 ","$363,620 ","$905,000 ","$535,000 "
2018,"$557,740 ","$850,000 ","$314,720 ","$356,560 ","$310,000 ","$612,500 ","$243,900 ","$454,500 ","$266,500 ","$246,500 ","$308,000 ",NA,"$242,380 ","$243,000 ","$269,000 ","$208,000 ","$588,140 ","$263,000 ","$1,270,500 ","$320,000 ","$424,900 ","$269,060 ","$541,000 ","$590,000 ","$725,000 ","$389,950 ","$785,000 ","$492,990 ","$262,950 ","$398,000 ","$364,500 ","$577,000 ","$295,000 ","$618,500 ","$1,500,000 ","$365,000 ","$640,000 ","$1,483,000 ","$840,000 ","$1,150,000 ","$926,000 ","$267,500 ","$182,500 ","$425,000 ","$639,000 ","$309,000 ","$320,000 ","$255,000 ",NA,"$236,450 ","$258,950 ","$640,000 ","$429,000 ","$298,000 ",,"$453,740 ","$500,000 ","$716,000 ","$317,500 ","$305,000 ","$359,000 ","$850,000 ","$530,000 "
2019,"$536,830 ","$826,000 ","$324,000 ","$376,000 ","$335,000 ","$595,000 ","$217,000 ","$460,000 ","$270,000 ","$225,000 ","$325,500 ","$237,000 ","$240,000 ","$219,900 ","$265,000 ","$228,500 ","$566,010 ","$260,000 ","$1,149,500 ","$316,120 ","$384,560 ","$279,990 ","$782,000 ","$590,000 ","$672,500 ","$402,950 ","$796,500 ","$479,000 ","$308,240 ","$400,000 ","$352,250 ","$595,000 ","$290,000 ","$610,000 ","$1,376,500 ","$375,000 ","$592,500 ","$1,450,000 ","$725,000 ","$1,185,000 ","$825,000 ","$271,720 ","$151,000 ","$428,000 ","$650,000 ","$305,000 ","$277,500 ","$275,000 ","$222,500 ","$217,750 ","$299,500 ","$615,000 ","$432,500 ","$299,000 ",,"$435,000 ","$499,450 ","$630,000 ","$312,000 ","$310,000 ","$354,450 ","$836,000 ","$525,000 "
2019,"$534,120 ","$860,000 ","$316,000 ","$345,450 ","$340,000 ","$649,480 ","$245,000 ","$495,000 ","$265,000 ","$281,000 ","$298,000 ","$265,000 ","$240,000 ","$221,000 ","$260,000 ","$185,000 ","$541,390 ","$259,000 ","$1,290,000 ","$369,000 ","$377,000 ","$269,000 ","$765,000 ","$593,950 ","$625,000 ","$382,000 ","$792,500 ","$495,000 ","$258,500 ","$410,000 ","$360,000 ","$600,000 ","$298,250 ","$625,000 ","$1,505,000 ","$370,000 ","$592,500 ","$1,425,000 ","$645,000 ","$1,170,000 ","$927,000 ","$285,000 ","$224,500 ","$425,000 ","$625,420 ","$310,000 ","$292,500 ","$224,500 ","$300,000 ","$243,500 ","$299,000 ","$620,000 ","$424,920 ","$256,000 ",,"$450,000 ","$505,000 ","$650,000 ","$320,000 ","$299,600 ","$369,900 ","$867,000 ","$535,000 "
2019,"$565,740 ","$911,000 ","$320,000 ","$369,000 ","$308,250 ","$644,000 ","$253,020 ","$506,160 ","$280,000 ","$250,000 ","$310,000 ","$250,000 ","$249,950 ","$232,000 ","$243,500 ","$220,000 ","$525,520 ","$265,000 ","$1,300,000 ","$277,500 ","$394,500 ","$275,000 ","$800,000 ","$579,000 ","$699,000 ","$412,500 ","$809,500 ","$475,000 ","$287,500 ","$412,000 ","$365,000 ","$610,000 ","$309,950 ","$623,800 ","$1,637,500 ","$355,000 ","$629,500 ","$1,610,000 ","$555,000 ","$1,300,000 ","$918,000 ","$285,000 ","$205,000 ","$438,500 ","$633,750 ","$320,000 ","$310,000 ","$315,000 ","$224,000 ","$230,000 ","$315,000 ","$640,000 ","$450,000 ","$290,000 ",,"$465,000 ","$517,000 ","$645,000 ","$325,000 ","$310,000 ","$374,900 ","$940,000 ","$545,000 "
2019,"$603,030 ","$940,000 ","$336,500 ","$360,000 ","$340,000 ","$679,000 ","$216,500 ","$524,000 ","$271,250 ","$241,250 ","$305,000 ","$251,470 ","$250,000 ","$240,000 ","$262,400 ","$200,950 ","$544,170 ","$271,950 ","$1,350,000 ","$286,500 ","$418,500 ","$276,000 ","$717,250 ","$600,000 ","$705,000 ","$397,000 ","$825,000 ","$498,500 ","$395,000 ","$423,000 ","$385,000 ","$550,900 ","$305,000 ","$649,000 ","$1,632,500 ","$375,000 ","$650,000 ","$1,601,000 ","$760,500 ","$1,315,000 ","$977,750 ","$275,000 ","$208,500 ","$435,000 ","$645,000 ","$319,500 ","$305,000 ","$232,500 ","$215,000 ","$244,950 ","$316,000 ","$650,000 ","$419,330 ","$268,000 ",,"$470,000 ","$536,450 ","$699,450 ","$330,730 ","$290,000 ","$378,240 ","$988,000 ","$565,000 "
2019,"$610,940 ","$959,000 ","$342,750 ","$359,000 ","$375,000 ","$700,360 ","$256,850 ","$521,380 ","$284,900 ","$245,000 ","$315,000 ","$255,000 ","$252,000 ","$260,000 ","$267,000 ","$205,000 ","$539,480 ","$270,000 ","$1,400,000 ","$295,000 ","$388,500 ","$285,000 ","$564,500 ","$639,000 ","$725,000 ","$420,000 ","$845,000 ","$514,900 ","$350,500 ","$420,000 ","$385,000 ","$600,000 ","$315,000 ","$650,000 ","$1,697,500 ","$380,000 ","$640,000 ","$1,766,500 ","$696,000 ","$1,335,000 ","$935,000 ","$285,000 ","$235,000 ","$446,000 ","$666,000 ","$335,000 ","$319,900 ","$243,000 ","$185,000 ","$248,000 ","$310,000 ","$659,500 ","$469,500 ","$311,000 ",,"$470,000 ","$535,000 ","$690,000 ","$340,000 ","$299,000 ","$384,000 ","$990,000 ","$560,000 "
2019,"$610,720 ","$960,000 ","$320,000 ","$384,000 ","$330,000 ","$698,000 ","$353,500 ","$497,500 ","$283,000 ","$250,000 ","$340,000 ","$255,000 ","$259,450 ","$247,150 ","$270,000 ","$215,000 ","$599,680 ","$291,250 ","$1,370,000 ","$354,500 ","$399,000 ","$287,000 ","$910,000 ","$640,500 ","$705,750 ","$427,500 ","$842,000 ","$525,000 ","$340,000 ","$420,000 ","$390,000 ","$585,500 ","$310,000 ","$665,000 ","$1,762,500 ","$386,750 ","$640,000 ","$1,620,000 ","$717,000 ","$1,350,000 ","$897,000 ","$289,900 ","$270,250 ","$448,000 ","$662,500 ","$325,500 ","$313,000 ","$260,000 ","$302,500 ","$247,500 ","$297,000 ","$647,000 ","$463,500 ","$295,000 ",,"$480,000 ","$545,000 ","$699,000 ","$340,000 ","$310,725 ","$379,000 ","$960,000 ","$569,950 "
2019,"$607,990 ","$950,000 ","$312,500 ","$374,280 ","$325,500 ","$660,000 ","$275,000 ","$510,500 ","$284,400 ","$268,750 ","$334,370 ","$265,000 ","$263,000 ","$254,750 ","$249,000 ","$225,000 ","$611,230 ","$297,500 ","$1,257,000 ","$281,400 ","$395,000 ","$283,000 ","$692,500 ","$651,780 ","$685,000 ","$445,000 ","$839,450 ","$496,250 ","$280,000 ","$420,000 ","$390,000 ","$570,000 ","$312,000 ","$650,000 ","$1,600,000 ","$380,000 ","$625,000 ","$1,562,500 ","$695,000 ","$1,298,000 ","$899,500 ","$286,000 ","$210,000 ","$465,000 ","$655,000 ","$335,000 ","$315,000 ","$255,000 ","$302,500 ","$245,000 ","$300,000 ","$685,000 ","$485,000 ","$299,900 ",,"$470,000 ","$550,000 ","$685,000 ","$345,250 ","$302,999 ","$380,000 ","$950,000 ","$575,000 "
2019,"$617,410 ","$905,500 ","$329,000 ","$353,150 ","$346,360 ","$672,750 ","$264,180 ","$525,000 ","$285,000 ","$270,000 ","$320,000 ","$256,500 ","$255,500 ","$258,450 ","$260,000 ","$200,000 ","$627,690 ","$279,000 ","$1,230,000 ","$330,000 ","$413,500 ","$278,600 ","$712,500 ","$632,500 ","$699,000 ","$415,500 ","$810,000 ","$500,000 ","$345,000 ","$420,000 ","$386,000 ","$609,950 ","$315,000 ","$650,000 ","$1,602,500 ","$389,000 ","$640,000 ","$1,545,000 ","$720,000 ","$1,190,000 ","$875,000 ","$294,900 ","$210,000 ","$459,700 ","$712,000 ","$335,000 ","$309,000 ","$281,250 ","$295,000 ","$250,000 ","$302,500 ","$661,900 ","$465,000 ","$298,000 ",,"$468,000 ","$545,000 ","$698,000 ","$343,000 ","$300,000 ","$380,000 ","$900,000 ","$567,000 "
2019,"$605,680 ","$910,000 ","$325,000 ","$358,750 ","$330,000 ","$656,000 ","$280,000 ","$489,900 ","$296,000 ","$266,500 ","$345,000 ","$260,000 ","$257,600 ","$258,000 ","$270,000 ","$180,000 ","$663,110 ","$276,500 ","$1,360,000 ","$318,000 ","$407,500 ","$277,250 ","$699,750 ","$658,000 ","$787,500 ","$399,000 ","$830,000 ","$495,000 ","$380,000 ","$429,450 ","$385,000 ","$610,410 ","$315,000 ","$636,750 ","$1,540,000 ","$385,000 ","$655,500 ","$1,470,000 ","$731,500 ","$1,225,000 ","$795,000 ","$280,000 ","$240,000 ","$455,000 ","$655,750 ","$332,750 ","$327,500 ","$225,500 ","$297,000 ","$250,000 ","$307,000 ","$659,250 ","$453,500 ","$305,000 ",,"$460,000 ","$545,000 ","$695,000 ","$340,250 ","$294,000 ","$385,000 ","$880,000 ","$570,000 "
2019,"$605,280 ","$925,000 ","$322,000 ","$358,250 ","$356,110 ","$681,250 ","$247,500 ","$490,000 ","$287,000 ","$245,000 ","$325,000 ","$260,000 ","$262,000 ","$251,000 ","$275,000 ","$162,000 ","$647,900 ","$299,950 ","$1,397,500 ","$295,000 ","$406,500 ","$285,000 ","$725,000 ","$643,280 ","$735,000 ","$419,500 ","$820,000 ","$505,000 ","$275,000 ","$420,000 ","$385,000 ","$604,940 ","$319,000 ","$652,000 ","$1,650,000 ","$375,500 ","$627,000 ","$1,560,000 ","$632,500 ","$1,234,750 ","$865,000 ","$303,000 ","$235,000 ","$470,000 ","$660,000 ","$343,000 ","$319,900 ","$262,000 ","$219,000 ","$255,000 ","$300,000 ","$660,000 ","$479,950 ","$298,000 ",,"$475,000 ","$545,000 ","$675,000 ","$345,000 ","$305,000 ","$380,000 ","$940,000 ","$569,900 "
2019,"$589,770 ","$910,000 ","$348,500 ","$350,000 ","$343,500 ","$640,000 ","$252,500 ","$485,000 ","$291,500 ","$330,000 ","$328,190 ","$265,000 ","$258,000 ","$258,000 ","$297,500 ","$222,500 ","$594,840 ","$295,500 ","$1,270,000 ","$410,000 ","$400,290 ","$275,000 ","$556,000 ","$720,000 ","$669,000 ","$458,500 ","$822,000 ","$489,800 ","$275,000 ","$425,000 ","$385,000 ","$595,000 ","$315,000 ","$659,000 ","$1,619,000 ","$380,000 ","$615,000 ","$1,595,000 ","$661,500 ","$1,259,000 ","$875,000 ","$285,000 ","$242,500 ","$462,980 ","$650,000 ","$326,500 ","$325,000 ","$259,250 ","$272,500 ","$240,000 ","$275,500 ","$660,000 ","$446,710 ","$319,500 ",,"$485,110 ","$550,000 ","$695,000 ","$340,000 ","$299,248 ","$379,000 ","$925,000 ","$575,000 "
2019,"$614,880 ","$881,500 ","$300,000 ","$351,720 ","$339,500 ","$665,000 ","$276,780 ","$465,000 ","$285,000 ","$252,000 ","$318,500 ","$271,000 ","$262,900 ","$255,000 ","$271,500 ","$247,500 ","$641,340 ","$285,100 ","$1,300,000 ","$299,900 ","$447,000 ","$278,800 ","$400,000 ","$613,250 ","$765,000 ","$400,000 ","$840,000 ","$495,000 ","$270,500 ","$420,000 ","$385,000 ","$600,000 ","$320,000 ","$655,000 ","$1,450,000 ","$391,500 ","$615,500 ","$1,475,000 ","$770,000 ","$1,225,000 ","$889,000 ","$275,000 ","$225,000 ","$455,500 ","$647,500 ","$335,000 ","$308,250 ","$237,500 ","$264,950 ","$252,000 ","$292,000 ","$657,000 ","$441,000 ","$299,850 ",,"$477,000 ","$550,000 ","$700,000 ","$342,000 ","$282,000 ","$385,000 ","$908,750 ","$575,000 "
2020,"$575,160 ","$875,000 ","$335,000 ","$355,860 ","$343,500 ","$614,000 ","$227,000 ","$442,120 ","$289,950 ","$315,000 ","$308,000 ","$252,830 ","$252,000 ","$247,450 ","$253,000 ","$239,000 ","$617,520 ","$334,790 ","$1,294,000 ","$266,000 ","$412,000 ","$282,950 ","$780,000 ","$649,500 ","$697,500 ","$367,000 ","$855,000 ","$493,000 ","$330,000 ","$415,460 ","$379,000 ","$575,020 ","$325,000 ","$660,000 ","$1,460,000 ","$385,000 ","$652,500 ","$1,422,250 ","$675,000 ","$1,200,000 ","$869,500 ","$282,500 ","$255,000 ","$449,900 ","$667,000 ","$330,000 ","$327,250 ","$260,000 ","$252,500 ","$240,000 ","$309,000 ","$660,000 ","$431,240 ","$315,000 ",,"$467,000 ","$538,500 ","$700,000 ","$337,500 ","$303,200 ","$385,000 ","$853,000 ","$565,000 "
2020,"$579,770 ","$945,000 ","$328,000 ","$338,750 ","$355,000 ","$635,250 ","$297,000 ","$465,000 ","$289,950 ","$288,250 ","$310,390 ","$268,250 ","$259,000 ","$255,000 ","$235,000 ","$199,000 ","$580,690 ","$285,000 ","$1,347,500 ","$327,500 ","$467,000 ","$285,950 ","$700,000 ","$700,000 ","$659,500 ","$420,000 ","$880,000 ","$509,000 ","$321,500 ","$428,000 ","$398,500 ","$595,000 ","$329,000 ","$670,000 ","$1,610,000 ","$390,000 ","$640,000 ","$1,575,000 ","$772,750 ","$1,350,000 ","$897,500 ","$291,500 ","$219,000 ","$470,000 ","$640,000 ","$339,000 ","$318,500 ","$265,000 ","$277,500 ","$252,000 ","$297,500 ","$649,500 ","$447,500 ","$315,000 ",,"$480,000 ","$550,000 ","$715,000 ","$340,000 ","$300,000 ","$395,000 ","$910,000 ","$580,000 "
2020,"$612,440 ","$970,500 ","$335,000 ","$365,000 ","$352,000 ","$711,000 ","$233,500 ","$507,500 ","$282,500 ","$288,500 ","$330,000 ","$260,278 ","$259,480 ","$250,000 ","$275,500 ","$230,000 ","$567,910 ","$285,000 ","$1,376,000 ","$335,000 ","$382,810 ","$280,000 ","$665,000 ","$680,000 ","$764,000 ","$425,000 ","$882,000 ","$500,000 ","$287,500 ","$435,000 ","$400,000 ","$605,000 ","$316,000 ","$675,000 ","$1,655,000 ","$395,000 ","$619,000 ","$1,750,000 ","$645,000 ","$1,400,000 ","$925,000 ","$310,000 ","$244,000 ","$457,950 ","$694,000 ","$340,000 ","$318,050 ","$280,000 ","$285,000 ","$254,480 ","$300,000 ","$705,000 ","$463,500 ","$309,440 ",,"$495,000 ","$556,250 ","$690,000 ","$350,000 ","$311,250 ","$399,000 ","$1,009,790 ","$585,000 "
2020,"$606,410 ","$1,030,000 ","$350,000 ","$377,500 ","$332,250 ","$710,000 ","$240,000 ","$500,000 ","$290,000 ","$282,000 ","$317,000 ","$288,795 ","$272,000 ","$260,900 ","$272,000 ","$167,000 ","$565,170 ","$306,500 ","$1,365,000 ","$330,000 ","$395,000 ","$273,900 ","$801,250 ","$660,000 ","$750,000 ","$460,000 ","$861,000 ","$510,000 ","$252,500 ","$435,000 ","$400,000 ","$614,950 ","$325,000 ","$671,000 ","$1,699,500 ","$395,000 ","$600,000 ","$1,640,000 ","$600,000 ","$1,388,890 ","$949,500 ","$288,500 ","$260,250 ","$482,500 ","$657,880 ","$350,000 ","$300,000 ","$217,500 ","$349,500 ","$252,750 ","$299,000 ","$675,000 ","$460,820 ","$328,900 ",,"$488,000 ","$550,000 ","$657,500 ","$346,500 ","$299,000 ","$390,000 ","$980,000 ","$583,000 "
2020,"$588,070 ","$955,000 ","$321,000 ","$362,000 ","$330,000 ","$690,000 ","$338,450 ","$535,000 ","$295,000 ","$323,250 ","$340,750 ","$262,500 ","$270,000 ","$249,950 ","$300,000 ","$195,000 ","$553,710 ","$297,500 ","$1,500,000 ","$280,000 ","$426,000 ","$285,000 ","$520,150 ","$650,000 ","$672,500 ","$410,000 ","$834,550 ","$515,000 ","$269,000 ","$434,480 ","$395,000 ","$660,500 ","$320,000 ","$655,000 ","$1,627,500 ","$415,000 ","$632,500 ","$1,650,000 ","$637,500 ","$1,365,000 ","$850,000 ","$297,000 ","$230,000 ","$482,000 ","$675,000 ","$350,000 ","$342,550 ","$290,000 ","$257,500 ","$255,250 ","$319,000 ","$681,250 ","$443,000 ","$320,000 ",,"$464,900 ","$535,000 ","$678,500 ","$350,000 ","$299,000 ","$395,740 ","$965,000 ","$565,000 "
2020,"$626,170 ","$976,000 ","$337,500 ","$390,000 ","$363,000 ","$750,500 ","$242,000 ","$510,000 ","$313,950 ","$295,000 ","$317,000 ","$287,000 ","$275,000 ","$265,000 ","$322,500 ","$225,000 ","$619,320 ","$300,000 ","$1,490,000 ","$370,400 ","$425,000 ","$300,000 ","$720,000 ","$740,000 ","$725,000 ","$433,750 ","$870,000 ","$515,000 ","$305,000 ","$450,000 ","$417,000 ","$586,400 ","$325,000 ","$678,000 ","$1,805,000 ","$415,000 ","$645,500 ","$1,735,000 ","$671,750 ","$1,382,000 ","$905,000 ","$295,000 ","$213,500 ","$496,750 ","$708,800 ","$355,000 ","$341,000 ","$240,000 ","$300,000 ","$270,000 ","$305,000 ","$700,000 ","$475,000 ","$328,950 ",,"$486,250 ","$553,000 ","$736,500 ","$365,000 ","$311,500 ","$410,000 ","$1,000,000 ","$588,000 "
2020,"$666,320 ","$1,027,500 ","$355,000 ","$395,000 ","$349,900 ","$785,000 ","$332,000 ","$550,000 ","$320,000 ","$257,500 ","$349,000 ","$287,500 ","$282,980 ","$275,000 ","$307,000 ","$205,000 ","$660,340 ","$313,850 ","$1,545,500 ","$425,000 ","$485,000 ","$319,900 ","$669,500 ","$749,500 ","$782,500 ","$500,000 ","$880,000 ","$550,000 ","$350,000 ","$462,000 ","$422,740 ","$675,000 ","$350,000 ","$719,000 ","$1,665,000 ","$410,000 ","$659,000 ","$1,719,440 ","$900,000 ","$1,380,000 ","$985,000 ","$300,000 ","$253,000 ","$499,750 ","$714,950 ","$360,000 ","$350,000 ","$264,000 ","$384,000 ","$268,000 ","$325,000 ","$720,000 ","$505,000 ","$343,750 ",,"$500,000 ","$590,000 ","$785,000 ","$377,720 ","$318,250 ","$420,000 ","$1,050,000 ","$622,500 "
2020,"$706,900 ","$1,028,220 ","$353,500 ","$415,000 ","$381,000 ","$805,000 ","$283,500 ","$570,000 ","$322,000 ","$263,500 ","$340,000 ","$279,000 ","$285,840 ","$265,500 ","$309,500 ","$249,000 ","$692,630 ","$329,000 ","$1,512,500 ","$380,750 ","$524,000 ","$335,000 ","$665,000 ","$832,500 ","$867,000 ","$475,000 ","$930,000 ","$538,750 ","$392,000 ","$486,500 ","$425,000 ","$625,000 ","$350,000 ","$732,560 ","$1,663,000 ","$425,000 ","$666,840 ","$1,812,500 ","$1,020,000 ","$1,400,000 ","$1,050,000 ","$315,000 ","$260,000 ","$515,000 ","$715,000 ","$370,000 ","$335,000 ","$290,000 ","$290,000 ","$280,220 ","$318,000 ","$741,500 ","$525,500 ","$332,400 ",,"$506,000 ","$615,000 ","$812,500 ","$385,000 ","$325,000 ","$435,000 ","$1,068,000 ","$640,000 "
2020,"$712,430 ","$1,050,000 ","$359,900 ","$403,300 ","$392,000 ","$783,000 ","$308,000 ","$588,000 ","$325,000 ","$347,520 ","$345,000 ","$275,000 ","$292,000 ","$264,000 ","$307,500 ","$272,500 ","$766,010 ","$331,120 ","$1,550,000 ","$457,500 ","$500,250 ","$300,500 ","$875,000 ","$860,000 ","$900,000 ","$478,750 ","$915,000 ","$530,000 ","$412,000 ","$480,000 ","$439,000 ","$687,000 ","$359,900 ","$735,000 ","$1,665,000 ","$435,000 ","$684,500 ","$1,772,500 ","$1,000,000 ","$1,402,500 ","$1,062,500 ","$331,500 ","$267,950 ","$499,950 ","$715,000 ","$375,000 ","$351,000 ","$285,000 ","$349,000 ","$275,000 ","$325,000 ","$787,500 ","$530,000 ","$342,000 ",,"$527,000 ","$630,000 ","$838,500 ","$390,000 ","$349,900 ","$445,000 ","$1,060,000 ","$656,750 "
2020,"$711,300 ","$1,049,000 ","$366,500 ","$401,500 ","$393,640 ","$787,250 ","$325,000 ","$559,000 ","$331,500 ","$287,500 ","$379,500 ","$280,000 ","$295,000 ","$290,500 ","$325,000 ","$194,500 ","$745,080 ","$302,750 ","$1,468,500 ","$375,000 ","$529,500 ","$322,500 ","$844,500 ","$850,000 ","$749,380 ","$492,500 ","$930,000 ","$548,000 ","$385,000 ","$485,000 ","$440,000 ","$634,000 ","$365,000 ","$749,000 ","$1,625,000 ","$431,440 ","$700,500 ","$1,680,000 ","$1,037,500 ","$1,442,500 ","$1,060,000 ","$344,900 ","$286,000 ","$508,000 ","$720,000 ","$377,000 ","$346,050 ","$283,500 ","$307,500 ","$283,000 ","$349,500 ","$750,000 ","$517,250 ","$350,000 ",,"$520,000 ","$632,710 ","$850,000 ","$395,000 ","$344,000 ","$445,000 ","$1,100,000 ","$657,750 "
2020,"$698,980 ","$1,049,040 ","$360,000 ","$405,000 ","$407,120 ","$810,000 ","$308,750 ","$585,000 ","$323,500 ","$334,750 ","$351,000 ","$290,000 ","$290,000 ","$265,000 ","$317,000 ","$231,250 ","$673,310 ","$320,000 ","$1,425,000 ","$374,000 ","$494,000 ","$315,500 ","$806,000 ","$850,000 ","$824,500 ","$466,250 ","$930,000 ","$552,650 ","$385,000 ","$490,000 ","$442,500 ","$665,590 ","$380,250 ","$740,000 ","$1,697,500 ","$441,500 ","$699,500 ","$1,650,000 ","$955,000 ","$1,383,000 ","$1,050,000 ","$327,250 ","$263,000 ","$505,250 ","$715,000 ","$389,000 ","$370,000 ","$371,000 ","$246,450 ","$280,000 ","$337,500 ","$760,000 ","$511,000 ","$352,500 ",,"$520,000 ","$630,000 ","$825,000 ","$400,000 ","$340,000 ","$450,000 ","$1,100,000 ","$657,820 "
2020,"$717,930 ","$1,060,000 ","$355,000 ","$408,460 ","$397,500 ","$763,000 ","$346,000 ","$538,350 ","$325,500 ","$297,500 ","$370,000 ","$287,000 ","$300,000 ","$281,750 ","$306,950 ","$215,000 ","$660,000 ","$335,000 ","$1,459,000 ","$380,000 ","$540,000 ","$315,000 ","$880,000 ","$785,000 ","$842,000 ","$508,000 ","$950,000 ","$559,000 ","$305,000 ","$488,250 ","$442,250 ","$729,500 ","$378,500 ","$730,000 ","$1,581,000 ","$435,750 ","$711,000 ","$1,700,000 ","$970,000 ","$1,375,000 ","$1,070,000 ","$307,500 ","$228,000 ","$510,000 ","$720,000 ","$380,000 ","$369,900 ","$273,250 ","$259,000 ","$295,000 ","$330,000 ","$740,000 ","$515,000 ","$360,000 ",,"$520,000 ","$625,250 ","$825,000 ","$395,000 ","$325,000 ","$450,000 ","$1,058,000 ","$650,000 "
2021,"$700,150 ","$1,060,000 ","$386,250 ","$420,000 ","$398,500 ","$765,000 ","$399,000 ","$600,000 ","$325,000 ","$247,500 ","$366,000 ","$285,950 ","$302,000 ","$278,750 ","$300,000 ","$249,500 ","$697,660 ","$325,000 ","$1,350,000 ","$400,000 ","$517,500 ","$307,000 ","$1,112,500 ","$860,000 ","$835,000 ","$525,000 ","$971,000 ","$581,000 ","$315,000 ","$495,500 ","$450,000 ","$695,000 ","$390,000 ","$730,000 ","$1,672,500 ","$425,000 ","$698,000 ","$1,605,000 ","$920,000 ","$1,375,000 ","$1,110,000 ","$329,000 ","$257,000 ","$510,000 ","$715,000 ","$385,000 ","$350,000 ","$250,000 ","$350,000 ","$306,920 ","$350,500 ","$776,000 ","$485,000 ","$395,000 ",,"$515,000 ","$630,000 ","$829,900 ","$387,250 ","$335,000 ","$457,000 ","$1,050,000 ","$650,000 "
2021,"$699,720 ","$1,100,000 ","$406,280 ","$397,000 ","$441,500 ","$817,500 ","$359,000 ","$577,500 ","$350,000 ","$319,500 ","$360,000 ","$291,990 ","$295,000 ","$280,000 ","$326,500 ","$208,250 ","$664,120 ","$354,500 ","$1,540,000 ","$397,500 ","$525,000 ","$318,750 ","$1,435,000 ","$820,000 ","$931,500 ","$519,500 ","$995,000 ","$599,500 ","$329,500 ","$519,500 ","$463,000 ","$700,000 ","$389,900 ","$765,000 ","$1,786,400 ","$436,300 ","$700,000 ","$1,900,000 ","$1,174,080 ","$1,486,250 ","$1,058,000 ","$329,950 ","$322,500 ","$509,750 ","$740,000 ","$405,000 ","$395,000 ","$299,000 ","$247,250 ","$288,500 ","$375,000 ","$750,000 ","$520,000 ","$370,000 ",,"$530,000 ","$649,000 ","$828,500 ","$405,000 ","$335,000 ","$470,000 ","$1,151,500 ","$675,000 "
2021,"$759,890 ","$1,163,000 ","$430,000 ","$406,000 ","$435,850 ","$920,000 ","$309,000 ","$652,500 ","$350,000 ","$325,000 ","$359,000 ","$287,890 ","$310,000 ","$292,500 ","$333,000 ","$252,000 ","$689,440 ","$365,000 ","$1,627,500 ","$421,360 ","$510,000 ","$318,000 ","$1,700,000 ","$931,000 ","$929,000 ","$530,000 ","$1,025,000 ","$610,000 ","$385,000 ","$535,000 ","$485,000 ","$765,000 ","$412,000 ","$800,000 ","$1,755,000 ","$457,750 ","$737,500 ","$1,985,000 ","$1,075,000 ","$1,600,000 ","$1,100,000 ","$345,000 ","$259,500 ","$549,000 ","$765,000 ","$407,500 ","$364,250 ","$299,000 ","$312,500 ","$306,650 ","$343,600 ","$770,750 ","$530,000 ","$359,500 ",,"$552,500 ","$680,000 ","$871,840 ","$415,000 ","$350,000 ","$495,000 ","$1,225,000 ","$705,000 "
2021,"$808,410 ","$1,300,000 ","$415,000 ","$438,500 ","$475,000 ","$990,000 ","$364,170 ","$654,750 ","$355,000 ","$302,500 ","$425,000 ","$305,000 ","$315,000 ","$305,000 ","$324,950 ","$253,000 ","$718,440 ","$378,000 ","$1,610,000 ","$343,200 ","$528,000 ","$325,000 ","$974,000 ","$840,000 ","$950,000 ","$555,000 ","$1,100,000 ","$625,000 ","$400,000 ","$545,500 ","$490,000 ","$722,500 ","$405,000 ","$825,120 ","$1,800,000 ","$490,000 ","$799,950 ","$2,001,000 ","$1,100,000 ","$1,650,000 ","$1,265,000 ","$350,000 ","$302,500 ","$555,000 ","$777,500 ","$419,000 ","$410,000 ","$362,000 ","$299,500 ","$309,600 ","$367,000 ","$865,000 ","$566,000 ","$384,700 ",,"$570,000 ","$725,000 ","$925,620 ","$435,000 ","$367,250 ","$500,000 ","$1,328,440 ","$750,000 "
2021,"$813,820 ","$1,312,500 ","$427,500 ","$449,000 ","$473,800 ","$1,015,000 ","$415,000 ","$688,000 ","$361,500 ","$384,000 ","$400,000 ","$303,750 ","$317,000 ","$315,000 ","$360,000 ","$247,450 ","$725,680 ","$360,000 ","$1,632,500 ","$415,000 ","$602,500 ","$350,000 ","$1,140,000 ","$887,000 ","$837,500 ","$563,250 ","$1,100,000 ","$663,450 ","$423,000 ","$560,000 ","$500,000 ","$810,000 ","$410,000 ","$851,000 ","$1,900,000 ","$500,000 ","$775,000 ","$2,075,000 ","$1,299,000 ","$1,675,000 ","$1,300,000 ","$360,000 ","$289,000 ","$579,000 ","$780,000 ","$440,000 ","$410,000 ","$348,000 ","$457,500 ","$324,350 ","$390,700 ","$806,000 ","$617,500 ","$400,000 ",,"$592,000 ","$725,000 ","$900,000 ","$445,000 ","$365,000 ","$510,000 ","$1,340,000 ","$752,250 "
2021,"$819,630 ","$1,300,000 ","$461,000 ","$438,000 ","$488,280 ","$990,000 ","$358,500 ","$702,000 ","$375,000 ","$310,000 ","$420,000 ","$322,000 ","$325,000 ","$295,000 ","$335,000 ","$244,950 ","$796,120 ","$357,500 ","$1,712,500 ","$409,700 ","$582,500 ","$360,000 ","$822,500 ","$862,500 ","$955,500 ","$566,000 ","$1,138,000 ","$670,500 ","$395,000 ","$575,000 ","$525,000 ","$794,690 ","$435,000 ","$865,000 ","$1,950,000 ","$515,000 ","$799,000 ","$2,275,000 ","$935,000 ","$1,750,000 ","$1,175,000 ","$365,000 ","$300,000 ","$575,000 ","$825,000 ","$430,000 ","$395,000 ","$318,500 ","$285,500 ","$335,000 ","$413,820 ","$840,000 ","$616,000 ","$430,100 ",,"$600,000 ","$737,500 ","$890,000 ","$452,000 ","$380,000 ","$525,000 ","$1,350,000 ","$766,000 "
2021,"$811,170 ","$1,300,000 ","$416,000 ","$454,500 ","$463,500 ","$940,000 ","$355,000 ","$655,000 ","$370,000 ","$320,000 ","$413,000 ","$320,000 ","$330,000 ","$320,000 ","$351,000 ","$215,000 ","$809,750 ","$390,000 ","$1,750,000 ","$382,000 ","$650,000 ","$357,500 ","$805,000 ","$828,500 ","$939,000 ","$570,000 ","$1,090,000 ","$650,000 ","$454,500 ","$570,000 ","$514,000 ","$781,000 ","$440,000 ","$860,000 ","$1,852,500 ","$506,000 ","$795,000 ","$2,110,000 ","$838,000 ","$1,670,000 ","$1,185,000 ","$370,000 ","$350,000 ","$590,000 ","$761,700 ","$430,000 ","$405,000 ","$402,500 ","$367,500 ","$330,000 ","$395,000 ","$825,000 ","$587,990 ","$420,000 ",,"$600,000 ","$731,000 ","$869,500 ","$451,950 ","$400,000 ","$529,000 ","$1,300,750 ","$760,000 "
2021,"$827,940 ","$1,300,000 ","$425,000 ","$435,000 ","$485,000 ","$889,500 ","$357,500 ","$680,890 ","$375,000 ","$302,500 ","$408,500 ","$350,000 ","$326,000 ","$310,000 ","$335,000 ","$204,500 ","$830,070 ","$377,500 ","$1,560,000 ","$475,000 ","$533,000 ","$369,250 ","$819,500 ","$827,500 ","$900,000 ","$570,950 ","$1,100,000 ","$643,750 ","$397,500 ","$570,000 ","$515,000 ","$774,510 ","$435,000 ","$835,000 ","$1,850,000 ","$514,480 ","$770,000 ","$1,925,000 ","$1,111,960 ","$1,655,000 ","$1,255,000 ","$389,900 ","$327,500 ","$590,000 ","$770,000 ","$435,000 ","$400,000 ","$349,000 ","$319,500 ","$317,500 ","$389,000 ","$853,000 ","$595,000 ","$410,000 ",,"$600,000 ","$731,000 ","$905,000 ","$450,000 ","$387,000 ","$520,000 ","$1,265,000 ","$760,000 "
2021,"$808,890 ","$1,300,000 ","$432,500 ","$440,880 ","$468,500 ","$897,000 ","$437,500 ","$650,000 ","$380,000 ","$327,500 ","$430,000 ","$330,000 ","$341,500 ","$320,000 ","$372,120 ","$205,000 ","$886,050 ","$375,000 ","$1,710,000 ","$459,000 ","$500,000 ","$370,000 ","$844,500 ","$826,250 ","$950,000 ","$549,500 ","$1,100,000 ","$650,000 ","$397,000 ","$570,000 ","$507,000 ","$792,500 ","$437,000 ","$850,000 ","$1,750,000 ","$515,000 ","$755,000 ","$1,975,000 ","$1,000,000 ","$1,630,000 ","$1,190,000 ","$365,000 ","$315,000 ","$570,000 ","$754,000 ","$440,000 ","$410,000 ","$315,000 ","$375,000 ","$320,000 ","$382,500 ","$815,000 ","$612,500 ","$409,900 ",,"$600,000 ","$730,000 ","$886,900 ","$450,000 ","$370,000 ","$520,000 ","$1,290,000 ","$755,000 "
2021,"$798,440 ","$1,280,000 ","$430,640 ","$460,000 ","$432,000 ","$900,500 ","$360,100 ","$615,000 ","$385,000 ","$307,000 ","$420,000 ","$308,500 ","$340,000 ","$325,000 ","$345,000 ","$232,500 ","$848,970 ","$394,880 ","$1,685,000 ","$455,000 ","$534,000 ","$370,000 ","$840,000 ","$865,250 ","$850,000 ","$525,000 ","$1,120,000 ","$649,000 ","$470,000 ","$580,000 ","$510,000 ","$768,000 ","$445,000 ","$850,000 ","$1,822,000 ","$500,000 ","$800,000 ","$2,110,000 ","$837,000 ","$1,625,000 ","$1,136,000 ","$359,500 ","$329,500 ","$580,000 ","$750,000 ","$440,000 ","$422,550 ","$343,000 ","$287,000 ","$325,000 ","$385,000 ","$830,000 ","$582,500 ","$413,000 ",,"$605,000 ","$725,000 ","$865,420 ","$450,000 ","$370,000 ","$525,000 ","$1,275,000 ","$750,000 "
2021,"$782,480 ","$1,300,000 ","$432,500 ","$435,000 ","$465,320 ","$876,000 ","$384,380 ","$665,000 ","$385,000 ","$360,000 ","$450,750 ","$283,750 ","$336,940 ","$333,500 ","$335,000 ","$264,750 ","$769,500 ","$392,500 ","$1,535,000 ","$499,500 ","$522,500 ","$375,000 ","$840,000 ","$830,000 ","$811,600 ","$561,250 ","$1,150,000 ","$650,000 ","$380,000 ","$586,900 ","$515,000 ","$800,000 ","$440,000 ","$847,750 ","$1,900,000 ","$495,000 ","$775,060 ","$2,222,500 ","$1,003,000 ","$1,692,500 ","$1,260,000 ","$375,000 ","$299,000 ","$593,000 ","$775,000 ","$435,000 ","$425,000 ","$325,000 ","$293,500 ","$335,000 ","$399,000 ","$858,500 ","$585,000 ","$415,000 ",,"$620,000 ","$720,000 ","$899,000 ","$452,000 ","$380,000 ","$529,000 ","$1,300,000 ","$750,000 "
2021,"$797,150 ","$1,200,000 ","$399,000 ","$439,500 ","$489,000 ","$830,000 ","$291,000 ","$620,000 ","$395,000 ","$345,000 ","$450,280 ","$346,704 ","$350,000 ","$330,000 ","$341,250 ","$292,000 ","$826,500 ","$375,000 ","$1,510,000 ","$390,000 ","$564,950 ","$375,000 ","$972,500 ","$871,000 ","$1,050,000 ","$520,000 ","$1,182,500 ","$655,000 ","$420,000 ","$586,000 ","$515,000 ","$790,000 ","$460,000 ","$836,700 ","$1,690,000 ","$490,000 ","$821,000 ","$1,945,000 ","$937,500 ","$1,740,000 ","$1,200,450 ","$371,000 ","$273,000 ","$580,000 ","$794,000 ","$440,000 ","$411,000 ","$322,450 ","$335,000 ","$320,000 ","$369,500 ","$850,000 ","$609,240 ","$410,000 ",,"$612,750 ","$720,000 ","$900,000 ","$450,000 ","$379,000 ","$540,000 ","$1,200,000 ","$749,900 "
2022,"$766,250 ","$1,250,000 ","$400,000 ","$456,000 ","$467,500 ","$829,000 ","$372,500 ","$607,500 ","$395,000 ","$332,500 ","$425,000 ","$335,000 ","$367,000 ","$322,500 ","$349,900 ","$259,000 ","$800,960 ","$394,000 ","$1,466,500 ","$350,000 ","$508,500 ","$387,380 ","$950,000 ","$875,000 ","$862,500 ","$550,000 ","$1,195,000 ","$670,000 ","$460,000 ","$590,000 ","$524,000 ","$842,500 ","$450,000 ","$875,000 ","$1,630,000 ","$499,950 ","$851,500 ","$2,000,000 ","$912,500 ","$1,716,000 ","$1,257,500 ","$375,000 ","$296,000 ","$583,500 ","$799,000 ","$450,000 ","$415,000 ","$359,000 ","$354,000 ","$333,000 ","$386,750 ","$850,000 ","$542,500 ","$402,500 ",,"$600,000 ","$700,000 ","$920,400 ","$455,000 ","$380,000 ","$539,000 ","$1,171,000 ","$740,000 "
2022,"$772,180 ","$1,350,000 ","$449,000 ","$426,500 ","$510,000 ","$935,000 ","$390,000 ","$730,000 ","$405,000 ","$412,500 ","$452,500 ","$330,000 ","$370,000 ","$327,000 ","$360,000 ","$239,000 ","$773,490 ","$400,000 ","$1,676,000 ","$446,250 ","$509,500 ","$390,000 ","$992,500 ","$885,000 ","$1,005,000 ","$547,500 ","$1,260,000 ","$675,000 ","$339,000 ","$605,030 ","$541,500 ","$860,000 ","$450,000 ","$888,000 ","$1,900,000 ","$505,500 ","$830,500 ","$2,100,000 ","$1,050,000 ","$1,820,000 ","$1,380,000 ","$375,000 ","$340,000 ","$605,000 ","$815,000 ","$452,400 ","$420,000 ","$311,250 ","$250,000 ","$338,000 ","$433,500 ","$887,500 ","$666,420 ","$450,000 ",,"$640,000 ","$725,000 ","$912,250 ","$465,000 ","$375,000 ","$551,000 ","$1,300,000 ","$760,000 "
2022,"$851,130 ","$1,430,000 ","$440,000 ","$465,000 ","$492,000 ","$965,900 ","$398,000 ","$750,000 ","$415,000 ","$320,000 ","$430,000 ","$330,000 ","$369,750 ","$325,000 ","$370,000 ","$243,000 ","$781,050 ","$430,000 ","$1,720,000 ","$530,000 ","$509,000 ","$385,000 ","$1,100,000 ","$911,000 ","$965,000 ","$559,000 ","$1,305,000 ","$701,730 ","$391,500 ","$620,000 ","$560,000 ","$835,000 ","$475,000 ","$950,000 ","$2,060,000 ","$550,000 ","$903,000 ","$2,280,000 ","$1,300,000 ","$1,950,000 ","$1,600,000 ","$390,000 ","$308,000 ","$610,000 ","$829,000 ","$470,500 ","$460,000 ","$401,880 ","$370,000 ","$360,980 ","$450,000 ","$914,000 ","$657,000 ","$432,500 ",,"$660,000 ","$770,000 ","$1,050,000 ","$495,000 ","$395,000 ","$580,000 ","$1,408,000 ","$802,500 "
2022,"$877,390 ","$1,500,000 ","$445,000 ","$467,250 ","$504,500 ","$1,050,000 ","$357,500 ","$711,000 ","$425,000 ","$281,260 ","$464,300 ","$335,000 ","$385,000 ","$360,000 ","$321,000 ","$245,000 ","$801,680 ","$418,000 ","$2,125,000 ","$423,000 ","$545,000 ","$395,000 ","$2,362,500 ","$903,500 ","$975,000 ","$617,000 ","$1,325,000 ","$717,000 ","$350,000 ","$630,000 ","$570,000 ","$860,000 ","$495,000 ","$975,000 ","$2,057,500 ","$555,000 ","$890,000 ","$2,401,000 ","$1,200,000 ","$1,970,000 ","$1,410,000 ","$389,000 ","$322,250 ","$640,000 ","$870,000 ","$485,000 ","$444,000 ","$350,000 ","$304,250 ","$370,000 ","$437,500 ","$955,000 ","$633,000 ","$430,000 ",,"$699,000 ","$800,000 ","$1,050,000 ","$500,000 ","$400,000 ","$580,000 ","$1,500,000 ","$837,000 "
2022,"$893,200 ","$1,513,060 ","$445,000 ","$500,000 ","$525,000 ","$999,000 ","$320,000 ","$730,000 ","$420,000 ","$405,000 ","$458,500 ","$375,000 ","$385,000 ","$381,500 ","$360,000 ","$302,500 ","$798,720 ","$430,000 ","$1,985,000 ","$465,000 ","$595,000 ","$414,250 ","$870,000 ","$900,500 ","$1,048,000 ","$560,500 ","$1,295,000 ","$735,000 ","$504,000 ","$650,000 ","$575,000 ","$840,000 ","$490,000 ","$970,000 ","$2,015,000 ","$580,000 ","$931,000 ","$2,231,500 ","$900,000 ","$1,927,500 ","$1,312,500 ","$406,000 ","$368,000 ","$620,000 ","$874,500 ","$477,000 ","$450,000 ","$377,500 ","$300,000 ","$370,000 ","$449,000 ","$915,000 ","$655,000 ","$442,500 ",,"$675,000 ","$805,000 ","$995,000 ","$510,000 ","$425,000 ","$596,000 ","$1,465,000 ","$845,000 "
2022,"$858,000 ","$1,400,000 ","$418,250 ","$445,000 ","$495,000 ","$925,000 ","$400,690 ","$715,000 ","$425,000 ","$325,000 ","$435,000 ","$313,000 ","$380,000 ","$327,000 ","$365,000 ","$260,000 ","$860,230 ","$421,000 ","$1,850,000 ","$470,000 ","$582,000 ","$400,000 ","$788,500 ","$854,000 ","$950,000 ","$590,000 ","$1,265,000 ","$718,000 ","$400,000 ","$645,000 ","$560,000 ","$854,000 ","$490,000 ","$950,000 ","$1,900,000 ","$580,000 ","$905,000 ","$2,155,000 ","$1,250,000 ","$1,820,000 ","$1,325,500 ","$395,000 ","$390,500 ","$625,000 ","$864,000 ","$476,440 ","$451,500 ","$341,000 ","$324,500 ","$378,000 ","$430,000 ","$930,000 ","$665,000 ","$455,000 ",,"$655,000 ","$800,000 ","$980,000 ","$500,000 ","$400,000 ","$585,000 ","$1,360,000 ","$830,000 "
2022,"$830,870 ","$1,325,000 ","$392,450 ","$450,000 ","$459,900 ","$880,000 ","$376,000 ","$650,000 ","$407,000 ","$360,000 ","$480,000 ","$369,250 ","$362,900 ","$350,000 ","$356,000 ","$260,000 ","$846,320 ","$433,000 ","$1,750,000 ","$601,000 ","$667,000 ","$410,000 ","$815,000 ","$924,000 ","$1,067,500 ","$595,000 ","$1,231,000 ","$710,000 ","$462,500 ","$625,000 ","$550,000 ","$825,000 ","$490,000 ","$930,000 ","$1,700,000 ","$545,000 ","$895,500 ","$1,965,000 ","$902,500 ","$1,740,000 ","$1,250,000 ","$389,000 ","$339,000 ","$600,000 ","$815,000 ","$467,000 ","$437,100 ","$325,000 ","$325,000 ","$370,000 ","$435,000 ","$920,000 ","$595,000 ","$445,000 ",,"$643,250 ","$780,000 ","$950,000 ","$485,000 ","$405,000 ","$575,000 ","$1,258,500 ","$808,000 "
2022,"$834,740 ","$1,220,000 ","$449,900 ","$441,000 ","$464,950 ","$850,000 ","$378,960 ","$627,000 ","$405,000 ","$327,500 ","$465,000 ","$343,500 ","$373,250 ","$321,750 ","$330,000 ","$199,000 ","$854,960 ","$400,000 ","$1,674,500 ","$450,000 ","$502,500 ","$385,000 ","$797,500 ","$842,500 ","$1,150,000 ","$580,000 ","$1,200,000 ","$649,000 ","$380,000 ","$620,000 ","$535,000 ","$755,000 ","$472,750 ","$886,250 ","$1,635,000 ","$550,000 ","$868,500 ","$1,950,000 ","$1,112,500 ","$1,650,000 ","$1,300,000 ","$370,000 ","$360,000 ","$610,000 ","$834,000 ","$460,000 ","$455,000 ","$301,000 ","$256,000 ","$350,000 ","$407,500 ","$884,000 ","$631,000 ","$425,000 ",,"$620,000 ","$765,000 ","$950,000 ","$470,000 ","$380,000 ","$565,500 ","$1,200,000 ","$795,000 "
2022,"$817,150 ","$1,200,000 ","$399,000 ","$429,780 ","$450,000 ","$870,000 ","$418,750 ","$645,000 ","$415,000 ","$327,000 ","$460,000 ","$351,500 ","$365,000 ","$342,500 ","$339,500 ","$269,000 ","$891,770 ","$410,000 ","$1,728,000 ","$342,200 ","$535,000 ","$377,000 ","$1,105,000 ","$822,500 ","$997,500 ","$565,000 ","$1,200,000 ","$640,000 ","$475,000 ","$600,000 ","$515,000 ","$750,000 ","$480,000 ","$899,000 ","$1,650,000 ","$535,000 ","$875,000 ","$1,860,500 ","$905,000 ","$1,700,000 ","$1,217,500 ","$375,000 ","$352,450 ","$590,000 ","$805,000 ","$450,000 ","$440,700 ","$302,000 ","$346,750 ","$335,000 ","$399,500 ","$850,000 ","$625,000 ","$433,000 ",,"$620,000 ","$750,000 ","$920,000 ","$465,000 ","$379,740 ","$562,240 ","$1,220,000 ","$783,380 "
2022,"$798,140 ","$1,213,000 ","$373,750 ","$438,750 ","$414,500 ","$850,000 ","$389,900 ","$679,500 ","$400,000 ","$310,000 ","$439,500 ","$347,000 ","$379,980 ","$328,000 ","$353,000 ","$290,500 ","$854,560 ","$400,000 ","$1,668,500 ","$399,000 ","$522,500 ","$380,000 ","$960,000 ","$865,000 ","$975,000 ","$532,500 ","$1,165,000 ","$645,000 ","$442,500 ","$599,990 ","$510,000 ","$761,000 ","$465,000 ","$860,000 ","$1,692,500 ","$523,750 ","$815,000 ","$1,900,000 ","$1,115,000 ","$1,625,000 ","$1,362,000 ","$382,250 ","$326,750 ","$580,000 ","$797,570 ","$434,500 ","$425,000 ","$272,500 ","$300,000 ","$369,000 ","$368,260 ","$855,000 ","$595,000 ","$404,950 ",,"$620,000 ","$742,000 ","$937,500 ","$455,000 ","$392,750 ","$550,000 ","$1,200,000 ","$770,000 "
2022,"$774,150 ","$1,150,000 ","$405,000 ","$435,000 ","$444,000 ","$860,000 ","$367,500 ","$610,000 ","$393,000 ","$309,000 ","$449,000 ","$362,500 ","$370,000 ","$325,000 ","$336,000 ","$210,250 ","$836,630 ","$413,000 ","$1,649,500 ","$363,500 ","$530,000 ","$367,750 ","$870,000 ","$819,500 ","$1,067,500 ","$523,000 ","$1,100,000 ","$620,000 ","$375,000 ","$580,000 ","$505,000 ","$667,390 ","$437,500 ","$865,000 ","$1,500,000 ","$532,500 ","$890,000 ","$1,782,500 ","$800,000 ","$1,600,000 ","$1,245,000 ","$350,000 ","$342,000 ","$572,000 ","$833,290 ","$430,000 ","$408,000 ","$302,000 ","$231,500 ","$361,990 ","$385,000 ","$860,000 ","$625,000 ","$399,450 ",,"$610,000 ","$720,000 ","$900,000 ","$450,000 ","$365,000 ","$540,000 ","$1,197,000 ","$750,000 "
2022,"$770,490 ","$1,050,000 ","$400,000 ","$408,500 ","$449,500 ","$760,000 ","$331,250 ","$580,000 ","$396,000 ","$286,750 ","$392,500 ","$340,000 ","$365,000 ","$337,000 ","$370,000 ","$170,000 ","$799,670 ","$410,500 ","$1,500,000 ","$359,000 ","$599,000 ","$340,000 ","$765,000 ","$775,000 ","$824,000 ","$512,500 ","$1,131,760 ","$620,000 ","$395,000 ","$575,000 ","$489,900 ","$765,000 ","$466,940 ","$850,000 ","$1,564,000 ","$515,000 ","$830,000 ","$1,675,000 ","$1,055,000 ","$1,478,000 ","$1,175,000 ","$348,000 ","$295,000 ","$580,000 ","$785,000 ","$420,000 ","$383,500 ","$285,600 ","$280,000 ","$353,500 ","$380,000 ","$818,000 ","$590,500 ","$414,000 ",,"$587,000 ","$716,500 ","$869,860 ","$438,000 ","$350,000 ","$535,000 ","$1,050,000 ","$743,180 "
2023,"$751,700 ","$1,015,000 ","$399,000 ","$410,000 ","$455,000 ","$725,000 ","$300,000 ","$575,000 ","$375,000 ","$392,500 ","$395,000 ","$343,500 ","$357,500 ","$365,000 ","$310,000 ","$260,000 ","$778,540 ","$387,460 ","$1,201,000 ","$372,500 ","$389,000 ","$369,000 ","$1,125,500 ","$850,000 ","$790,000 ","$470,000 ","$1,194,500 ","$620,000 ","$350,000 ","$585,000 ","$499,000 ","$719,000 ","$446,900 ","$824,900 ","$1,385,000 ","$509,900 ","$795,750 ","$1,625,000 ","$890,000 ","$1,530,000 ","$1,170,000 ","$373,750 ","$385,860 ","$580,000 ","$781,930 ","$410,000 ","$395,000 ","$314,900 ","$380,000 ","$332,720 ","$388,000 ","$815,000 ","$530,000 ","$425,000 ",,"$580,000 ","$700,000 ","$894,500 ","$430,750 ","$369,000 ","$540,000 ","$995,000 ","$738,250 "
2023,"$735,300 ","$1,066,000 ","$415,000 ","$405,000 ","$437,500 ","$750,000 ","$300,000 ","$622,000 ","$385,000 ","$295,000 ","$417,250 ","$325,000 ","$375,000 ","$352,000 ","$305,000 ","$212,500 ","$726,870 ","$378,000 ","$1,447,500 ","$353,000 ","$495,500 ","$381,950 ","$802,500 ","$775,500 ","$830,000 ","$475,000 ","$1,159,000 ","$631,250 ","$305,000 ","$595,000 ","$499,000 ","$730,000 ","$466,500 ","$878,000 ","$1,465,000 ","$513,900 ","$795,000 ","$2,080,000 ","$860,000 ","$1,500,000 ","$1,201,000 ","$350,000 ","$208,000 ","$555,000 ","$774,500 ","$430,000 ","$412,500 ","$332,000 ",NA,"$340,000 ","$361,000 ","$805,000 ","$545,000 ","$432,760 ",,"$615,000 ","$710,000 ","$856,000 ","$450,000 ","$369,000 ","$549,900 ","$1,025,000 ","$744,400 "
2023,"$793,260 ","$1,205,000 ","$414,940 ","$421,650 ","$438,000 ","$812,500 ","$400,000 ","$620,000 ","$409,500 ","$370,000 ","$450,000 ","$347,400 ","$365,000 ","$355,000 ","$351,250 ","$249,000 ","$718,370 ","$417,000 ","$1,600,000 ","$399,500 ","$492,500 ","$400,000 ","$750,000 ","$900,000 ","$890,000 ","$539,000 ","$1,250,000 ","$640,000 ","$310,000 ","$612,000 ","$500,000 ","$750,000 ","$475,000 ","$915,000 ","$1,700,000 ","$544,550 ","$895,000 ","$1,860,000 ","$769,000 ","$1,700,000 ","$1,205,000 ","$364,000 ","$240,000 ","$585,000 ","$829,000 ","$450,000 ","$385,000 ","$283,180 ","$430,000 ","$344,000 ","$387,000 ","$849,000 ","$619,010 ","$426,500 ",,"$640,000 ","$735,000 ","$922,500 ","$455,000 ","$355,000 ","$555,000 ","$1,200,000 ","$765,000 "
2023,"$811,510 ","$1,225,000 ","$475,000 ","$469,000 ","$495,000 ","$900,000 ","$315,000 ","$717,220 ","$413,000 ","$349,000 ","$439,000 ","$338,000 ","$375,000 ","$361,000 ","$317,000 ","$252,950 ","$738,520 ","$420,000 ","$1,790,000 ","$425,000 ","$485,000 ","$365,120 ","$1,177,750 ","$952,500 ","$815,000 ","$550,000 ","$1,225,000 ","$650,000 ","$319,250 ","$615,000 ","$515,000 ","$768,000 ","$450,000 ","$930,000 ","$1,587,500 ","$520,000 ","$925,000 ","$1,970,000 ","$1,080,500 ","$1,800,000 ","$1,349,500 ","$390,000 ","$289,000 ","$580,000 ","$840,000 ","$451,000 ","$405,000 ","$315,000 ","$307,500 ","$357,000 ","$419,050 ","$885,500 ","$605,000 ","$447,450 ",,"$634,000 ","$740,000 ","$1,020,000 ","$463,000 ","$385,000 ","$565,000 ","$1,250,000 ","$785,000 "
2023,"$835,280 ","$1,260,000 ","$449,000 ","$436,950 ","$550,000 ","$888,000 ","$315,000 ","$660,000 ","$420,000 ","$345,000 ","$435,000 ","$350,000 ","$379,320 ","$370,000 ","$398,000 ","$224,900 ","$744,770 ","$411,610 ","$1,800,000 ","$382,500 ","$532,500 ","$395,000 ","$850,000 ","$902,000 ","$888,500 ","$552,500 ","$1,256,500 ","$682,500 ","$355,000 ","$629,000 ","$535,000 ","$735,000 ","$455,000 ","$935,000 ","$1,654,000 ","$531,950 ","$874,500 ","$2,075,000 ","$1,275,000 ","$1,788,000 ","$1,352,500 ","$385,000 ","$256,000 ","$600,000 ","$860,000 ","$463,500 ","$439,500 ","$348,000 ","$263,250 ","$375,060 ","$424,500 ","$925,500 ","$646,730 ","$440,990 ",,"$635,000 ","$765,000 ","$1,000,000 ","$485,000 ","$380,000 ","$574,990 ","$1,300,000 ","$800,000 "
2023,"$837,850 ","$1,305,000 ","$470,000 ","$413,500 ","$459,000 ","$930,000 ","$410,000 ","$700,000 ","$429,390 ","$360,000 ","$440,000 ","$378,160 ","$381,180 ","$355,000 ","$342,500 ","$261,250 ","$832,310 ","$447,700 ","$1,715,000 ","$450,000 ","$520,000 ","$390,650 ","$925,000 ","$796,370 ","$843,750 ","$573,860 ","$1,260,000 ","$667,500 ","$390,000 ","$628,000 ","$530,000 ","$750,000 ","$470,000 ","$958,250 ","$1,595,000 ","$530,400 ","$865,000 ","$2,039,000 ","$1,197,000 ","$1,825,000 ","$1,200,000 ","$385,000 ","$289,900 ","$590,000 ","$850,000 ","$460,000 ","$437,000 ","$362,500 ","$305,000 ","$375,000 ","$413,000 ","$927,500 ","$617,000 ","$445,000 ",,"$650,000 ","$775,000 ","$984,500 ","$480,000 ","$380,000 ","$570,000 ","$1,323,810 ","$815,000 "
2023,"$832,530 ","$1,260,000 ","$442,000 ","$429,000 ","$476,500 ","$900,000 ","$349,000 ","$650,000 ","$417,500 ","$372,500 ","$465,000 ","$387,500 ","$395,000 ","$385,000 ","$335,000 ","$280,000 ","$851,540 ","$426,000 ","$1,609,500 ","$459,000 ","$540,000 ","$390,000 ","$785,000 ","$949,000 ","$927,500 ","$579,900 ","$1,300,000 ","$660,000 ","$364,050 ","$615,000 ","$547,000 ","$745,000 ","$485,000 ","$969,020 ","$1,460,000 ","$545,000 ","$860,000 ","$1,984,000 ","$994,470 ","$1,800,000 ","$1,300,000 ","$379,000 ","$296,000 ","$600,560 ","$850,960 ","$465,000 ","$402,000 ","$320,000 ","$320,000 ","$370,520 ","$463,500 ","$920,000 ","$625,000 ","$415,000 ",,"$645,000 ","$790,000 ","$985,000 ","$489,000 ","$375,000 ","$575,000 ","$1,255,000 ","$830,000 "
2023,"$859,670 ","$1,250,000 ","$490,000 ","$436,250 ","$475,000 ","$844,440 ","$382,500 ","$657,000 ","$425,000 ","$321,000 ","$421,920 ","$336,500 ","$394,500 ","$382,500 ","$325,000 ","$225,000 ","$882,010 ","$453,000 ","$1,475,000 ","$480,000 ","$560,000 ","$385,000 ","$970,000 ","$897,000 ","$1,055,000 ","$555,000 ","$1,310,000 ","$669,000 ","$412,000 ","$618,000 ","$535,000 ","$777,550 ","$495,000 ","$1,000,000 ","$1,576,000 ","$535,000 ","$868,810 ","$1,950,000 ","$1,295,000 ","$1,852,500 ","$1,200,000 ","$365,000 ","$305,500 ","$599,000 ","$850,000 ","$465,000 ","$425,000 ","$312,050 ","$205,000 ","$372,000 ","$389,500 ","$915,000 ","$622,500 ","$449,500 ",,"$657,000 ","$792,500 ","$950,000 ","$485,000 ","$369,000 ","$569,990 ","$1,260,000 ","$830,000 "
2023,"$843,500 ","$1,300,000 ","$414,250 ","$429,420 ","$537,500 ","$871,250 ","$400,000 ","$685,000 ","$410,000 ","$300,000 ","$422,500 ","$375,000 ","$383,000 ","$370,750 ","$260,000 ","$181,250 ","$914,340 ","$410,000 ","$1,650,000 ","$432,500 ","$448,000 ","$384,500 ","$935,000 ","$943,340 ","$890,000 ","$563,000 ","$1,310,000 ","$665,000 ","$441,250 ","$600,000 ","$545,000 ","$761,250 ","$475,000 ","$973,100 ","$1,580,000 ","$550,000 ","$888,000 ","$1,955,000 ","$1,030,000 ","$1,853,000 ","$1,165,000 ","$385,000 ","$325,000 ","$585,680 ","$848,000 ","$469,500 ","$430,000 ","$310,000 ","$320,000 ","$385,000 ","$419,000 ","$962,500 ","$608,640 ","$433,250 ",,"$650,000 ","$780,000 ","$950,000 ","$481,000 ","$385,000 ","$550,000 ","$1,300,000 ","$820,000 "
2023,"$839,990 ","$1,240,000 ","$410,000 ","$421,400 ","$405,500 ","$824,950 ","$307,500 ","$660,000 ","$410,000 ","$363,000 ","$432,500 ","$380,000 ","$395,000 ","$360,000 ","$365,000 ","$247,500 ","$893,650 ","$435,000 ","$1,712,500 ","$485,000 ","$430,000 ","$392,750 ","$1,050,000 ","$1,122,500 ","$1,027,500 ","$538,000 ","$1,275,000 ","$685,000 ","$385,250 ","$610,000 ","$550,000 ","$780,000 ","$475,000 ","$936,250 ","$1,650,000 ","$550,000 ","$887,620 ","$2,100,000 ","$1,370,000 ","$1,805,000 ","$1,229,000 ","$389,500 ","$295,000 ","$620,000 ","$857,500 ","$460,000 ","$425,750 ","$370,000 ","$320,000 ","$358,500 ","$410,000 ","$899,000 ","$629,900 ","$424,900 ",,"$660,000 ","$785,000 ","$1,050,000 ","$473,000 ","$376,000 ","$561,410 ","$1,268,940 ","$820,000 "
2023,"$821,710 ","$1,230,000 ","$403,000 ","$428,500 ","$512,500 ","$860,000 ","$420,000 ","$650,000 ","$415,000 ","$324,000 ","$430,750 ","$385,330 ","$375,000 ","$355,000 ","$318,500 ","$170,000 ","$897,990 ","$414,500 ","$1,649,500 ","$320,000 ","$532,000 ","$367,500 ","$985,000 ","$944,000 ","$825,000 ","$585,000 ","$1,300,000 ","$659,000 ","$400,000 ","$610,400 ","$522,290 ","$782,500 ","$455,000 ","$952,000 ","$1,535,000 ","$550,000 ","$894,500 ","$1,805,000 ","$900,000 ","$1,717,500 ","$1,300,000 ","$367,500 ","$325,000 ","$570,000 ","$793,620 ","$470,000 ","$397,000 ","$287,000 ","$211,000 ","$375,000 ","$381,250 ","$902,500 ","$620,000 ","$461,320 ",,"$660,000 ","$785,000 ","$955,000 ","$474,800 ","$375,000 ","$567,500 ","$1,250,000 ","$824,500 "
2023,"$819,820 ","$1,175,000 ","$415,000 ","$418,000 ","$437,500 ","$800,000 ","$487,000 ","$660,000 ","$397,000 ","$349,500 ","$425,000 ","$315,000 ","$374,180 ","$380,000 ","$315,000 ","$272,500 ","$853,340 ","$410,500 ","$1,555,000 ","$442,000 ","$599,000 ","$385,000 ","$1,052,500 ","$929,000 ","$925,000 ","$537,000 ","$1,300,000 ","$633,020 ","$360,000 ","$605,000 ","$535,000 ","$789,890 ","$475,000 ","$911,500 ","$1,450,000 ","$530,000 ","$956,000 ","$1,800,000 ","$1,190,000 ","$1,725,000 ","$1,050,000 ","$355,760 ","$331,500 ","$562,000 ","$812,930 ","$462,500 ","$429,500 ","$305,000 ","$287,000 ","$362,000 ","$444,000 ","$882,500 ","$630,000 ","$440,000 ",,"$635,000 ","$760,000 ","$979,500 ","$462,000 ","$364,500 ","$570,000 ","$1,182,000 ","$790,000 "
2024,"$789,480 ","$1,103,000 ","$444,500 ","$390,000 ","$434,500 ","$770,000 ","$295,000 ","$650,000 ","$406,000 ","$349,000 ","$410,000 ","$380,000 ","$375,000 ","$365,000 ","$325,000 ","$229,000 ","$833,000 ","$466,080 ","$1,524,500 ","$431,500 ","$494,000 ","$380,000 ","$1,304,500 ","$825,000 ","$989,500 ","$525,000 ","$1,320,000 ","$620,000 ","$363,620 ","$600,000 ","$515,000 ","$760,000 ","$460,000 ","$925,000 ","$1,530,000 ","$530,000 ","$910,000 ","$1,975,000 ","$1,280,000 ","$1,710,440 ","$1,190,000 ","$395,000 ","$329,000 ","$575,000 ","$829,900 ","$450,000 ","$435,000 ","$340,000 ","$402,500 ","$349,000 ","$360,750 ","$870,000 ","$600,360 ","$455,000 ",,"$630,000 ","$750,000 ","$926,000 ","$460,000 ","$361,500 ","$559,280 ","$1,100,000 ","$790,000 "
2024,"$806,480 ","$1,300,000 ","$407,500 ","$451,120 ","$475,000 ","$850,000 ","$295,000 ","$647,500 ","$420,000 ","$360,000 ","$420,000 ","$355,000 ","$386,500 ","$339,950 ","$315,000 ","$263,000 ","$817,100 ","$417,880 ","$1,610,000 ","$390,000 ","$499,000 ","$401,600 ","$1,097,500 ","$860,000 ","$882,500 ","$530,000 ","$1,350,000 ","$650,000 ","$370,000 ","$624,900 ","$530,000 ","$795,000 ","$450,000 ","$980,000 ","$1,590,000 ","$529,000 ","$900,000 ","$1,922,500 ","$976,000 ","$1,808,890 ","$1,232,500 ","$366,250 ","$340,000 ","$580,000 ","$826,500 ","$460,000 ","$415,000 ","$349,000 ","$280,000 ","$359,990 ","$430,000 ","$890,000 ","$618,940 ","$426,500 ",,"$660,000 ","$790,000 ","$950,000 ","$478,200 ","$379,000 ","$576,500 ","$1,256,500 ","$827,000 "
2024,"$854,370 ","$1,400,000 ","$482,500 ","$434,000 ","$454,500 ","$890,000 ","$381,250 ","$677,000 ","$413,000 ","$340,000 ","$429,970 ","$349,000 ","$382,180 ","$345,000 ","$315,000 ","$247,000 ","$805,100 ","$435,000 ","$1,957,500 ","$415,000 ","$375,000 ","$392,000 ","$1,250,000 ","$932,500 ","$880,000 ","$525,000 ","$1,400,000 ","$659,000 ","$400,000 ","$630,000 ","$550,000 ","$768,000 ","$470,420 ","$1,020,000 ","$1,745,000 ","$550,000 ","$850,000 ","$2,170,000 ","$1,015,000 ","$1,910,000 ","$1,300,000 ","$364,000 ","$318,880 ","$584,950 ","$865,000 ","$460,000 ","$403,200 ","$286,250 ","$360,000 ","$374,990 ","$400,000 ","$918,040 ","$635,830 ","$452,570 ",,"$675,000 ","$801,000 ","$950,000 ","$478,600 ","$372,450 ","$594,250 ","$1,386,500 ","$850,000 "
2024,"$904,010 ","$1,401,250 ","$426,500 ","$450,000 ","$493,000 ","$940,000 ","$445,000 ","$757,000 ","$421,940 ","$362,000 ","$400,000 ","$377,500 ","$377,000 ","$379,000 ","$340,000 ","$205,000 ","$825,970 ","$457,500 ","$1,700,000 ","$549,500 ","$583,500 ","$399,000 ","$1,077,380 ","$986,500 ","$950,000 ","$599,000 ","$1,440,000 ","$671,740 ","$320,000 ","$642,000 ","$548,580 ","$807,500 ","$500,000 ","$1,047,500 ","$1,800,000 ","$540,000 ","$894,500 ","$2,150,000 ","$1,400,000 ","$2,000,000 ","$1,420,000 ","$360,000 ","$278,000 ","$590,000 ","$850,000 ","$485,000 ","$428,500 ","$309,750 ","$212,000 ","$379,990 ","$452,000 ","$940,000 ","$615,000 ","$427,950 ",,"$688,000 ","$840,000 ","$1,077,500 ","$493,500 ","$364,950 ","$607,000 ","$1,444,000 ","$880,000 "
2024,"$908,000 ","$1,375,000 ","$420,000 ","$442,000 ","$471,000 ","$942,500 ","$230,000 ","$699,000 ","$425,000 ","$329,250 ","$450,000 ","$405,000 ","$400,000 ","$361,000 ","$351,250 ","$274,500 ","$811,610 ","$429,000 ","$1,800,000 ","$502,500 ","$477,500 ","$400,000 ","$812,500 ","$1,047,000 ","$987,000 ","$560,000 ","$1,422,500 ","$675,000 ","$529,000 ","$644,500 ","$555,000 ","$734,950 ","$471,360 ","$1,025,000 ","$1,690,000 ","$560,000 ","$885,000 ","$2,400,000 ","$1,375,000 ","$2,100,000 ","$1,355,000 ","$390,000 ","$334,500 ","$605,000 ","$880,450 ","$489,500 ","$427,500 ","$350,000 ","$360,000 ","$383,638 ","$430,000 ","$925,000 ","$653,980 ","$449,950 ",,"$690,000 ","$840,000 ","$1,059,000 ","$507,080 ","$400,000 ","$598,490 ","$1,455,000 ","$880,000 "
2024,"$900,720 ","$1,369,210 ","$450,000 ","$475,900 ","$495,000 ","$903,000 ","$350,000 ","$709,000 ","$428,890 ","$350,000 ","$490,620 ","$385,000 ","$375,000 ","$391,400 ","$352,500 ","$267,500 ","$889,180 ","$415,070 ","$1,800,000 ","$374,500 ","$521,690 ","$421,000 ","$1,240,000 ","$1,039,000 ","$952,500 ","$625,000 ","$1,450,000 ","$685,000 ","$465,000 ","$638,000 ","$560,000 ","$854,000 ","$490,420 ","$1,054,180 ","$1,650,000 ","$550,000 ","$890,000 ","$2,110,000 ","$1,355,500 ","$1,955,000 ","$1,413,000 ","$396,950 ","$362,120 ","$601,250 ","$835,000 ","$495,000 ","$500,000 ","$375,000 ","$322,100 ","$375,000 ","$439,500 ","$964,500 ","$649,500 ","$446,750 ",,"$697,550 ","$835,000 ","$1,072,000 ","$503,000 ","$409,000 ","$600,000 ","$1,400,000 ","$875,000 "
2024,"$886,420 ","$1,280,000 ","$399,000 ","$430,000 ","$474,000 ","$916,500 ","$424,000 ","$695,000 ","$420,000 ","$330,500 ","$442,500 ","$385,000 ","$413,000 ","$369,000 ","$350,000 ","$265,000 ","$909,010 ","$424,350 ","$1,594,000 ","$472,500 ","$549,500 ","$413,500 ","$680,000 ","$945,000 ","$1,052,500 ","$609,480 ","$1,390,000 ","$670,000 ","$508,500 ","$639,670 ","$560,000 ","$778,000 ","$497,250 ","$1,020,000 ","$1,600,000 ","$585,000 ","$1,035,000 ","$2,100,000 ","$827,500 ","$1,880,000 ","$1,355,000 ","$394,450 ","$335,000 ","$586,400 ","$850,000 ","$485,000 ","$435,000 ","$290,000 ","$297,500 ","$380,000 ","$385,000 ","$972,000 ","$610,000 ","$438,400 ",,"$680,000 ","$849,000 ","$1,064,000 ","$500,000 ","$385,000 ","$600,000 ","$1,300,000 ","$881,000 "
2024,"$888,740 ","$1,272,500 ","$431,000 ","$458,000 ","$505,000 ","$841,950 ","$450,000 ","$650,000 ","$434,940 ","$325,000 ","$434,500 ","$410,640 ","$399,500 ","$380,000 ","$329,950 ","$236,000 ","$919,890 ","$430,750 ","$1,450,000 ","$410,000 ","$567,500 ","$415,000 ","$1,160,000 ","$900,000 ","$976,500 ","$560,000 ","$1,400,000 ","$675,000 ","$547,420 ","$618,940 ","$559,000 ","$812,500 ","$499,000 ","$1,010,000 ","$1,528,500 ","$560,000 ","$942,500 ","$1,900,000 ","$1,062,450 ","$1,851,830 ","$1,300,000 ","$383,300 ","$305,500 ","$600,000 ","$809,160 ","$475,000 ","$416,500 ","$380,000 ","$280,000 ","$380,000 ","$420,950 ","$965,000 ","$620,960 ","$448,000 ",,"$665,000 ","$827,000 ","$1,035,000 ","$500,000 ","$397,250 ","$585,260 ","$1,240,000 ","$863,500 "
2024,"$868,150 ","$1,267,500 ","$432,500 ","$465,580 ","$522,000 ","$863,750 ","$370,000 ","$689,000 ","$430,000 ","$348,000 ","$425,000 ","$397,500 ","$400,500 ","$379,000 ","$335,000 ","$265,000 ","$960,370 ","$424,120 ","$1,750,000 ","$322,500 ","$525,000 ","$399,500 ","$815,000 ","$1,000,000 ","$882,500 ","$570,000 ","$1,397,450 ","$660,000 ","$455,000 ","$605,000 ","$560,000 ","$856,130 ","$485,000 ","$1,000,000 ","$1,625,000 ","$583,550 ","$895,000 ","$2,100,000 ","$1,098,000 ","$1,927,500 ","$1,300,000 ","$374,500 ","$290,000 ","$611,000 ","$830,000 ","$480,000 ","$451,500 ","$320,000 ","$247,500 ","$376,070 ","$357,500 ","$900,000 ","$610,000 ","$440,000 ",,"$660,000 ","$810,000 ","$993,250 ","$500,000 ","$379,500 ","$579,990 ","$1,266,250 ","$850,000 "
2024,"$888,740 ","$1,266,000 ","$440,000 ","$464,000 ","$434,500 ","$869,500 ","$399,500 ","$664,000 ","$410,500 ","$353,500 ","$435,000 ","$389,990 ","$399,500 ","$340,000 ","$340,000 ","$282,500 ","$956,210 ","$438,000 ","$1,700,000 ","$465,000 ","$516,000 ","$412,000 ","$970,000 ","$919,840 ","$910,000 ","$527,500 ","$1,350,000 ","$649,200 ","$377,500 ","$635,000 ","$550,000 ","$820,000 ","$499,000 ","$1,010,000 ","$1,750,000 ","$553,950 ","$943,000 ","$2,000,000 ","$1,047,500 ","$1,990,000 ","$1,325,000 ","$379,000 ","$301,250 ","$603,000 ","$826,710 ","$485,000 ","$439,000 ","$345,000 ","$205,000 ","$391,750 ","$425,000 ","$940,000 ","$612,500 ","$435,620 ",,"$670,000 ","$835,720 ","$990,000 ","$500,000 ","$390,000 ","$599,000 ","$1,315,000 ","$865,000 "
2024,"$852,880 ","$1,285,000 ","$420,000 ","$438,950 ","$436,250 ","$897,500 ","$319,610 ","$653,120 ","$440,000 ","$359,000 ","$455,000 ","$387,500 ","$405,000 ","$367,500 ","$350,000 ","$252,160 ","$937,030 ","$415,000 ","$1,625,000 ","$405,000 ","$491,500 ","$415,000 ","$912,500 ","$930,000 ","$895,000 ","$557,500 ","$1,375,000 ","$649,490 ","$385,000 ","$628,000 ","$550,500 ","$825,920 ","$510,000 ","$975,000 ","$1,598,000 ","$540,000 ","$920,000 ","$2,194,000 ","$1,367,500 ","$1,931,050 ","$1,307,500 ","$357,250 ","$295,000 ","$597,000 ","$805,000 ","$469,500 ","$435,000 ","$302,500 ","$290,000 ","$385,000 ","$405,000 ","$912,000 ","$573,000 ","$430,000 ",,"$675,000 ","$822,000 ","$1,030,000 ","$495,000 ","$375,000 ","$600,000 ","$1,316,500 ","$850,000 "
2024,"$861,020 ","$1,180,000 ","$445,000 ","$426,500 ","$510,000 ","$875,000 ","$384,950 ","$723,000 ","$420,570 ","$420,000 ","$426,680 ","$381,000 ","$405,500 ","$372,200 ","$373,000 ","$237,000 ","$912,370 ","$430,000 ","$1,558,000 ","$510,000 ","$507,500 ","$425,000 ","$600,000 ","$932,000 ","$880,000 ","$541,200 ","$1,362,000 ","$639,480 ","$359,000 ","$624,790 ","$545,000 ","$830,000 ","$490,950 ","$975,000 ","$1,530,000 ","$535,000 ","$930,000 ","$1,844,500 ","$1,275,000 ","$1,810,000 ","$1,255,000 ","$355,000 ","$365,000 ","$570,000 ","$859,500 ","$462,750 ","$481,080 ","$326,000 ","$337,500 ","$380,990 ","$410,000 ","$895,000 ","$610,000 ","$441,000 ",,"$664,560 ","$815,500 ","$995,000 ","$492,000 ","$369,500 ","$594,950 ","$1,200,000 ","$850,000 "
2025,"$838,850 ","$1,150,000 ","$437,000 ","$443,000 ","$449,500 ","$785,000 ","$385,500 ","$615,000 ","$426,690 ","$327,500 ","$407,500 ","$386,750 ","$390,000 ","$365,990 ","$340,000 ","$231,000 ","$886,400 ","$441,940 ","$1,332,500 ","$650,000 ","$498,000 ","$415,000 ","$485,000 ","$965,000 ","$917,500 ","$525,000 ","$1,430,000 ","$650,000 ","$450,000 ","$645,000 ","$540,000 ","$777,500 ","$505,000 ","$1,030,000 ","$1,432,500 ","$510,000 ","$920,000 ","$1,960,000 ","$1,550,010 ","$1,840,000 ","$1,199,500 ","$405,000 ","$303,000 ","$565,000 ","$811,470 ","$460,000 ","$405,000 ","$337,450 ","$442,500 ","$371,900 ","$364,000 ","$875,000 ","$600,000 ","$441,000 ",,"$649,000 ","$820,000 ","$1,060,000 ","$480,000 ","$400,000 ","$600,000 ","$1,125,000 ","$850,500 "
2025,"$829,060 ","$1,300,000 ","$460,000 ","$449,000 ","$415,000 ","$841,000 ","$352,000 ","$677,000 ","$442,850 ","$335,000 ","$431,000 ","$394,000 ","$409,900 ","$375,000 ","$352,500 ","$284,500 ","$852,190 ","$425,000 ","$1,675,000 ","$410,000 ","$535,500 ","$414,500 ","$1,350,000 ","$900,000 ","$1,018,500 ","$512,950 ","$1,465,500 ","$649,000 ","$359,500 ","$646,840 ","$550,000 ","$780,000 ","$490,000 ","$1,040,000 ","$1,600,000 ","$540,000 ","$967,500 ","$2,200,000 ","$1,515,000 ","$2,000,000 ","$1,260,000 ","$386,000 ","$285,000 ","$600,000 ","$852,560 ","$460,000 ","$417,500 ","$360,000 ","$115,000 ","$380,000 ","$381,000 ","$969,500 ","$633,500 ","$459,000 ",,"$675,000 ","$824,880 ","$1,039,500 ","$495,000 ","$386,000 ","$611,290 ","$1,250,000 ","$866,360 "
2025,"$884,350 ","$1,380,000 ","$440,000 ","$444,000 ","$430,000 ","$907,000 ","$185,000 ","$722,500 ","$435,000 ","$325,000 ","$390,000 ","$407,500 ","$399,740 ","$365,000 ","$329,000 ","$219,000 ","$829,260 ","$446,340 ","$1,700,000 ","$339,000 ","$555,880 ","$412,500 ","$1,400,000 ","$936,500 ","$1,004,660 ","$561,000 ","$1,450,000 ","$665,000 ","$290,000 ","$638,810 ","$560,000 ","$769,000 ","$522,700 ","$1,040,000 ","$1,818,380 ","$550,000 ","$966,500 ","$2,260,000 ","$1,409,200 ","$2,125,000 ","$1,402,500 ","$375,000 ","$364,400 ","$599,000 ","$857,500 ","$483,970 ","$424,000 ","$355,000 ","$392,500 ","$388,120 ","$403,000 ","$940,000 ","$615,000 ","$448,800 ",,"$680,630 ","$834,830 ","$1,107,500 ","$495,000 ","$385,000 ","$609,230 ","$1,400,000 ","$877,750 "
2025,"$910,160 ","$1,351,000 ","$465,000 ","$465,000 ","$455,000 ","$900,000 ","$380,000 ","$675,000 ","$425,000 ","$307,000 ","$439,375 ","$405,000 ","$395,000 ","$363,490 ","$325,000 ","$305,000 ","$850,270 ","$433,480 ","$1,720,000 ","$449,000 ","$460,650 ","$408,000 ","$1,050,000 ","$917,000 ","$940,000 ","$589,500 ","$1,417,450 ","$665,000 ","$495,000 ","$645,000 ","$550,000 ","$740,000 ","$499,500 ","$1,015,000 ","$1,780,000 ","$550,000 ","$942,050 ","$2,281,500 ","$1,550,000 ","$2,121,000 ","$1,277,500 ","$374,375 ","$290,000 ","$582,000 ","$854,500 ","$485,000 ","$440,000 ","$360,000 ","$332,790 ","$380,657 ","$380,000 ","$944,500 ","$635,000 ","$427,500 ",,"$670,000 ","$850,000 ","$1,090,000 ","$495,000 ","$380,500 ","$611,990 ","$1,419,000 ","$887,000 "
2025,"$900,170 ","$1,365,000 ","$440,000 ","$488,750 ","$499,000 ","$924,950 ","$505,000 ","$699,000 ","$440,000 ","$350,000 ","$465,920 ","$377,450 ","$420,000 ","$368,760 ","$362,500 ","$263,000 ","$835,480 ","$455,000 ","$1,885,000 ","$485,000 ","$525,000 ","$425,000 ","$747,500 ","$901,000 ","$920,000 ","$559,500 ","$1,419,500 ","$665,000 ","$402,000 ","$638,000 ","$550,000 ","$854,000 ","$497,940 ","$1,050,000 ","$1,801,000 ","$560,000 ","$952,000 ","$2,200,000 ","$1,485,000 ","$2,171,120 ","$1,350,000 ","$380,000 ","$299,500 ","$590,000 ","$860,000 ","$505,000 ","$469,950 ","$390,000 ","$315,000 ","$385,000 ","$418,000 ","$985,000 ","$687,400 ","$470,000 ",,"$675,000 ","$855,000 ","$1,125,000 ","$510,000 ","$385,000 ","$610,000 ","$1,400,000 ","$888,000 "
2025,"$899,790 ","$1,321,000 ","$412,500 ","$487,000 ","$465,000 ","$940,000 ","$405,000 ","$730,000 ","$438,370 ","$385,000 ","$422,500 ","$400,000 ","$409,000 ","$365,000 ","$301,380 ","$286,500 ","$903,650 ","$426,000 ","$1,650,000 ","$394,500 ","$550,000 ","$446,310 ","$815,000 ","$957,750 ","$1,100,000 ","$573,500 ","$1,470,000 ","$705,000 ","$328,750 ","$635,000 ","$549,450 ","$877,720 ","$482,460 ","$1,025,000 ","$1,705,000 ","$578,500 ","$880,000 ","$2,140,000 ","$1,222,500 ","$2,110,000 ","$1,330,000 ","$382,500 ","$315,000 ","$571,520 ","$850,000 ","$495,000 ","$450,000 ","$380,700 ","$311,000 ","$389,000 ","$420,000 ","$975,000 ","$680,000 ","$430,000 ",,"$670,000 ","$847,970 ","$1,038,000 ","$499,000 ","$385,000 ","$605,000 ","$1,400,000 ","$876,840 "
2025,"$884,050 ","$1,250,000 ","$415,000 ","$456,500 ","$456,750 ","$862,500 ","$369,000 ","$717,500 ","$440,000 ","$375,000 ","$450,000 ","$415,000 ","$390,000 ","$365,000 ","$364,500 ","$311,000 ","$911,360 ","$445,000 ","$1,625,000 ","$450,000 ","$467,000 ","$440,000 ","$1,064,000 ","$1,022,500 ","$925,000 ","$549,500 ","$1,400,000 ","$687,480 ","$434,500 ","$630,000 ","$559,500 ","$799,900 ","$486,290 ","$1,040,000 ","$1,637,380 ","$530,000 ","$940,000 ","$2,100,000 ","$1,095,500 ","$1,900,000 ","$1,395,500 ","$380,000 ","$365,000 ","$593,680 ","$845,450 ","$475,000 ","$460,000 ","$370,000 ","$240,500 ","$382,990 ","$455,000 ","$949,500 ","$635,000 ","$440,000 ",,"$647,000 ","$846,500 ","$1,115,680 ","$500,000 ","$397,000 ","$589,020 ","$1,300,000 ","$879,000 "
2025,"$899,140 ","$1,269,000 ","$469,500 ","$468,000 ","$540,000 ","$850,000 ","$352,500 ","$679,500 ","$446,390 ","$350,000 ","$422,500 ","$405,000 ","$415,000 ","$380,000 ","$355,000 ","$221,000 ","$930,720 ","$445,000 ","$1,522,500 ","$415,000 ","$469,500 ","$418,500 ","$1,175,000 ","$1,087,150 ","$975,000 ","$560,000 ","$1,385,000 ","$675,000 ","$480,000 ","$625,000 ","$550,000 ","$742,500 ","$503,030 ","$1,025,000 ","$1,500,000 ","$535,000 ","$935,400 ","$1,988,000 ","$1,408,650 ","$1,900,000 ","$1,397,000 ","$368,000 ","$300,000 ","$620,000 ","$832,500 ","$499,720 ","$435,000 ","$335,000 ","$310,000 ","$378,700 ","$435,000 ","$937,500 ","$599,450 ","$440,000 ",,"$649,950 ","$840,000 ","$1,100,000 ","$495,000 ","$385,000 ","$600,130 ","$1,275,000 ","$875,000 "
